indu,size,risk,credlim,n,wotot,wotot_mr,expneed,exprev,cum_n,cum_wotot,cum_wotot_mr,cum_expneed,cum_exprev,over_n,over_wotot,over_wotot_mr,over_expneed,over_exprev
N1,S0,H,1,39,437.9167256,262.7500354,14579,145.79,39,437.9167256,262.7500354,14579,145.79,126,42290.30815,25374.18489,1407917,14079.17
N1,S0,H,2,14,615.6486184,369.3891711,20496,204.96,53,1053.565344,632.1392064,35075,350.75,87,41852.39143,25111.43486,1393338,13933.38
N1,S0,H,3,11,812.6345493,487.5807296,27054,270.54,64,1866.199893,1119.719936,62129,621.29,73,41236.74281,24742.04569,1372842,13728.42
N1,S0,H,4,13,1502.686058,901.6116345,50027,500.27,77,3368.885951,2021.331571,112156,1121.56,62,40424.10826,24254.46496,1345788,13457.88
N1,S0,H,7,12,2005.093298,1203.055979,66753,667.53,89,5373.979249,3224.387549,178909,1789.09,49,38921.4222,23352.85332,1295761,12957.61
N1,S0,H,10,10,2443.100136,1465.860081,81335,813.35,99,7817.079384,4690.247631,260244,2602.44,37,36916.32891,22149.79734,1229008,12290.08
N1,S0,H,20,18,7851.472323,4710.883394,261389,2613.89,117,15668.55171,9401.131024,521633,5216.33,27,34473.22877,20683.93726,1147673,11476.73
N1,S0,H,50,4,3916.800005,2350.080003,130397,1303.97,121,19585.35171,11751.21103,652030,6520.3,9,26621.75645,15973.05387,886284,8862.84
N1,S0,H,100,2,4713.694904,2828.216942,156927,1569.27,123,24299.04662,14579.42797,808957,8089.57,5,22704.95644,13622.97387,755887,7558.87
N1,S0,H,200,2,8706.399673,5223.839804,289851,2898.51,125,33005.44629,19803.26777,1098808,10988.08,3,17991.26154,10794.75692,598960,5989.6
N1,S0,H,500,1,9284.861866,5570.917119,309109,3091.09,126,42290.30815,25374.18489,1407917,14079.17,1,9284.861866,5570.917119,309109,3091.09
N1,S0,M,1,94,446.7802602,268.0681561,34878,348.78,94,446.7802602,268.0681561,34878,348.78,299,38296.01634,22977.6098,2989587,29895.87
N1,S0,M,2,40,783.3321776,469.9993066,61151,611.51,134,1230.112438,738.0674627,96029,960.29,205,37849.23608,22709.54165,2954709,29547.09
N1,S0,M,3,27,865.7888705,519.4733223,67588,675.88,161,2095.901308,1257.540785,163617,1636.17,165,37065.9039,22239.54234,2893558,28935.58
N1,S0,M,4,25,1182.255019,709.3530114,92293,922.93,186,3278.156327,1966.893796,255910,2559.1,138,36200.11503,21720.06902,2825970,28259.7
N1,S0,M,7,26,1957.158347,1174.295008,152786,1527.86,212,5235.314675,3141.188805,408696,4086.96,113,35017.86001,21010.71601,2733677,27336.77
N1,S0,M,10,20,2123.634529,1274.180717,165782,1657.82,232,7358.949204,4415.369522,574478,5744.78,87,33060.70166,19836.421,2580891,25808.91
N1,S0,M,20,35,6356.45413,3813.872478,496218,4962.18,267,13715.40333,8229.242,1070696,10706.96,67,30937.06713,18562.24028,2415109,24151.09
N1,S0,M,50,19,8383.797381,5030.278428,654483,6544.83,286,22099.20071,13259.52043,1725179,17251.79,32,24580.613,14748.3678,1918891,19188.91
N1,S0,M,100,9,7772.257452,4663.354471,606743,6067.43,295,29871.45817,17922.8749,2331922,23319.22,13,16196.81562,9718.089373,1264408,12644.08
N1,S0,M,200,4,8424.558169,5054.734902,657665,6576.65,299,38296.01634,22977.6098,2989587,29895.87,4,8424.558169,5054.734902,657665,6576.65
N1,S0,L,1,53,22.37462274,13.42477364,19093,190.93,53,22.37462274,13.42477364,19093,190.93,140,1389.617236,833.7703418,1185806,11858.06
N1,S0,L,2,13,20.45977785,12.27586671,17459,174.59,66,42.83440059,25.70064035,36552,365.52,87,1367.242614,820.3455681,1166713,11667.13
N1,S0,L,3,9,25.34415576,15.20649346,21627,216.27,75,68.17855635,40.90713381,58179,581.79,74,1346.782836,808.0697014,1149254,11492.54
N1,S0,L,4,16,77.12231169,46.27338702,65811,658.11,91,145.300868,87.18052083,123990,1239.9,65,1321.43868,792.863208,1127627,11276.27
N1,S0,L,7,11,78.20043734,46.9202624,66731,667.31,102,223.5013054,134.1007832,190721,1907.21,49,1244.316368,746.589821,1061816,10618.16
N1,S0,L,10,9,86.25239527,51.75143716,73602,736.02,111,309.7537007,185.8522204,264323,2643.23,38,1166.115931,699.6695586,995085,9950.85
N1,S0,L,20,14,245.5958498,147.3575099,209575,2095.75,125,555.3495505,333.2097303,473898,4738.98,29,1079.863536,647.9181214,921483,9214.83
N1,S0,L,50,8,312.6224524,187.5734714,266771,2667.71,133,867.9720028,520.7832017,740669,7406.69,15,834.2676858,500.5606115,711908,7119.08
N1,S0,L,100,7,521.6452335,312.9871401,445137,4451.37,140,1389.617236,833.7703418,1185806,11858.06,7,521.6452335,312.9871401,445137,4451.37
N1,S1,H,1,54,522.3821782,313.4293069,17391,173.91,54,522.3821782,313.4293069,17391,173.91,147,21391.2363,12834.74178,712151,7121.51
N1,S1,H,2,17,727.7485718,436.6491431,24228,242.28,71,1250.13075,750.07845,41619,416.19,93,20868.85413,12521.31248,694760,6947.6
N1,S1,H,3,15,1123.402534,674.0415202,37400,374,86,2373.533284,1424.11997,79019,790.19,76,20141.10555,12084.66333,670532,6705.32
N1,S1,H,4,18,2085.263387,1251.158032,69422,694.22,104,4458.796671,2675.278003,148441,1484.41,61,19017.70302,11410.62181,633132,6331.32
N1,S1,H,7,12,2067.060662,1240.236397,68816,688.16,116,6525.857333,3915.5144,217257,2172.57,43,16932.43963,10159.46378,563710,5637.1
N1,S1,H,10,12,2943.224526,1765.934715,97985,979.85,128,9469.081859,5681.449115,315242,3152.42,31,14865.37897,8919.227382,494894,4948.94
N1,S1,H,20,12,5392.392237,3235.435342,179522,1795.22,140,14861.4741,8916.884457,494764,4947.64,19,11922.15444,7153.292667,396909,3969.09
N1,S1,H,50,7,6529.762208,3917.857325,217387,2173.87,147,21391.2363,12834.74178,712151,7121.51,7,6529.762208,3917.857325,217387,2173.87
N1,S1,M,1,202,899.9269918,539.9561951,70253,702.53,202,899.9269918,539.9561951,70253,702.53,496,43895.62896,26337.37738,3426722,34267.22
N1,S1,M,2,72,1338.611457,803.1668744,104499,1044.99,274,2238.538449,1343.12307,174752,1747.52,294,42995.70197,25797.42118,3356469,33564.69
N1,S1,M,3,39,1217.328256,730.3969535,95031,950.31,313,3455.866705,2073.520023,269783,2697.83,222,41657.09051,24994.25431,3251970,32519.7
N1,S1,M,4,49,2409.972024,1445.983214,188135,1881.35,362,5865.838729,3519.503237,457918,4579.18,183,40439.76225,24263.85735,3156939,31569.39
N1,S1,M,7,23,1775.989323,1065.593594,138643,1386.43,385,7641.828052,4585.096831,596561,5965.61,134,38029.79023,22817.87414,2968804,29688.04
N1,S1,M,10,30,3113.9731,1868.38386,243093,2430.93,415,10755.80115,6453.480692,839654,8396.54,111,36253.80091,21752.28054,2830161,28301.61
N1,S1,M,20,41,7275.27558,4365.165348,567946,5679.46,456,18031.07673,10818.64604,1407600,14076,81,33139.82781,19883.89668,2587068,25870.68
N1,S1,M,50,29,11854.40817,7112.6449,925417,9254.17,485,29885.4849,17931.29094,2333017,23330.17,40,25864.55223,15518.73134,2019122,20191.22
N1,S1,M,100,7,6581.522344,3948.913407,513788,5137.88,492,36467.00724,21880.20435,2846805,28468.05,11,14010.14406,8406.086435,1093705,10937.05
N1,S1,M,200,4,7428.621714,4457.173029,579917,5799.17,496,43895.62896,26337.37738,3426722,34267.22,4,7428.621714,4457.173029,579917,5799.17
N1,S1,L,1,188,82.63481499,49.58088899,70515,705.15,188,82.63481499,49.58088899,70515,705.15,392,1858.703845,1115.222307,1586093,15860.93
N1,S1,L,2,45,75.09613861,45.05768316,64082,640.82,233,157.7309536,94.63857216,134597,1345.97,204,1776.06903,1065.641418,1515578,15155.78
N1,S1,L,3,33,95.65786964,57.39472178,81628,816.28,266,253.3888232,152.0332939,216225,2162.25,159,1700.972891,1020.583735,1451496,14514.96
N1,S1,L,4,45,201.2274639,120.7364784,171714,1717.14,311,454.6162872,272.7697723,387939,3879.39,126,1605.315021,963.1890128,1369868,13698.68
N1,S1,L,7,25,176.5536211,105.9321727,150659,1506.59,336,631.1699083,378.701945,538598,5385.98,81,1404.087557,842.4525345,1198154,11981.54
N1,S1,L,10,21,206.7962173,124.0777304,176466,1764.66,357,837.9661255,502.7796753,715064,7150.64,56,1227.533936,736.5203618,1047495,10474.95
N1,S1,L,20,23,344.4377057,206.6626234,293920,2939.2,380,1182.403831,709.4422988,1008984,10089.84,35,1020.737719,612.4426315,871029,8710.29
N1,S1,L,50,9,350.2935686,210.1761412,298917,2989.17,389,1532.6974,919.6184399,1307901,13079.01,12,676.3000134,405.780008,577109,5771.09
N1,S1,L,100,2,134.4047678,80.64286067,114692,1146.92,391,1667.102168,1000.261301,1422593,14225.93,3,326.0064447,195.6038668,278192,2781.92
N1,S1,L,200,1,191.601677,114.9610062,163500,1635,392,1858.703845,1115.222307,1586093,15860.93,1,191.601677,114.9610062,163500,1635
N1,S2,H,1,34,386.1621116,231.6972669,12856,192.84,34,386.1621116,231.6972669,12856,192.84,80,9395.550057,5637.330034,312794,4691.91
N1,S2,H,2,9,353.2710481,211.9626289,11761,176.415,43,739.4331597,443.6598958,24617,369.255,46,9009.387945,5405.632767,299938,4499.07
N1,S2,H,3,4,316.1747345,189.7048407,10526,157.89,47,1055.607894,633.3647365,35143,527.145,37,8656.116897,5193.670138,288177,4322.655
N1,S2,H,4,11,1388.303254,832.9819525,46219,693.285,58,2443.911148,1466.346689,81362,1220.43,33,8339.942162,5003.965297,277651,4164.765
N1,S2,H,7,6,1035.392656,621.2355936,34470,517.05,64,3479.303804,2087.582283,115832,1737.48,22,6951.638908,4170.983345,231432,3471.48
N1,S2,H,10,7,1796.242554,1077.745532,59800,897,71,5275.546358,3165.327815,175632,2634.48,16,5916.246252,3549.747751,196962,2954.43
N1,S2,H,20,9,4120.003698,2472.002219,137162,2057.43,80,9395.550057,5637.330034,312794,4691.91,9,4120.003698,2472.002219,137162,2057.43
N1,S2,M,1,305,1444.638185,866.7829111,112776,1691.64,305,1444.638185,866.7829111,112776,1691.64,903,74927.09152,44956.25491,5849200,87738
N1,S2,M,2,108,2037.450184,1222.47011,159054,2385.81,413,3482.088369,2089.253021,271830,4077.45,598,73482.45333,44089.472,5736424,86046.36
N1,S2,M,3,95,3012.698809,1807.619285,235187,3527.805,508,6494.787178,3896.872307,507017,7605.255,490,71445.00315,42867.00189,5577370,83660.55
N1,S2,M,4,112,5733.039516,3439.82371,447551,6713.265,620,12227.82669,7336.696016,954568,14318.52,395,68432.30434,41059.3826,5342183,80132.745
N1,S2,M,7,64,4928.90422,2957.342532,384776,5771.64,684,17156.73091,10294.03855,1339344,20090.16,283,62699.26483,37619.5589,4894632,73419.48
N1,S2,M,10,61,6425.422102,3855.253261,501602,7524.03,745,23582.15302,14149.29181,1840946,27614.19,219,57770.3606,34662.21636,4509856,67647.84
N1,S2,M,20,92,16688.10994,10012.86597,1302761,19541.415,837,40270.26296,24162.15778,3143707,47155.605,158,51344.9385,30806.9631,4008254,60123.81
N1,S2,M,50,49,18098.14885,10858.88931,1412836,21192.54,886,58368.41181,35021.04709,4556543,68348.145,66,34656.82856,20794.09714,2705493,40582.395
N1,S2,M,100,15,12784.23324,7670.539942,998004,14970.06,901,71152.64505,42691.58703,5554547,83318.205,17,16558.67971,9935.207824,1292657,19389.855
N1,S2,M,200,2,3774.446471,2264.667883,294653,4419.795,903,74927.09152,44956.25491,5849200,87738,2,3774.446471,2264.667883,294653,4419.795
N1,S2,L,1,271,103.7168588,62.2301153,88505,1327.575,271,103.7168588,62.2301153,88505,1327.575,660,3378.900846,2027.340508,2883327,43249.905
N1,S2,L,2,113,186.3821426,111.8292855,159046,2385.69,384,290.0990014,174.0594008,247551,3713.265,389,3275.183988,1965.110393,2794822,41922.33
N1,S2,L,3,70,203.479809,122.0878854,173636,2604.54,454,493.5788105,296.1472863,421187,6317.805,276,3088.801845,1853.281107,2635776,39536.64
N1,S2,L,4,49,219.6434906,131.7860943,187429,2811.435,503,713.222301,427.9333806,608616,9129.24,206,2885.322036,1731.193222,2462140,36932.1
N1,S2,L,7,48,340.7064535,204.4238721,290736,4361.04,551,1053.928755,632.3572527,899352,13490.28,157,2665.678545,1599.407127,2274711,34120.665
N1,S2,L,10,33,328.0994147,196.8596488,279978,4199.67,584,1382.028169,829.2169016,1179330,17689.95,109,2324.972092,1394.983255,1983975,29759.625
N1,S2,L,20,46,749.3582601,449.6149561,639452,9591.78,630,2131.386429,1278.831858,1818782,27281.73,76,1996.872677,1198.123606,1703997,25559.955
N1,S2,L,50,26,910.7982003,546.4789202,777214,11658.21,656,3042.18463,1825.310778,2595996,38939.94,30,1247.514417,748.5086502,1064545,15968.175
N1,S2,L,100,3,215.4388006,129.2632803,183841,2757.615,659,3257.62343,1954.574058,2779837,41697.555,4,336.7162168,202.0297301,287331,4309.965
N1,S2,L,200,1,121.2774162,72.76644972,103490,1552.35,660,3378.900846,2027.340508,2883327,43249.905,1,121.2774162,72.76644972,103490,1552.35
N1,S3,H,1,4,40.1901762,24.11410572,1338,26.76,4,40.1901762,24.11410572,1338,26.76,16,2311.926369,1387.155822,76968,1539.36
N1,S3,H,2,2,86.14755258,51.68853155,2868,57.36,6,126.3377288,75.80263727,4206,84.12,12,2271.736193,1363.041716,75630,1512.6
N1,S3,H,3,1,72.78086468,43.66851881,2423,48.46,7,199.1185935,119.4711561,6629,132.58,10,2185.58864,1311.353184,72762,1455.24
N1,S3,H,4,3,315.3937595,189.2362557,10500,210,10,514.5123529,308.7074117,17129,342.58,9,2112.807776,1267.684665,70339,1406.78
N1,S3,H,7,4,674.1917077,404.5150246,22445,448.9,14,1188.704061,713.2224364,39574,791.48,6,1797.414016,1078.44841,59839,1196.78
N1,S3,H,20,1,393.1608493,235.8965096,13089,261.78,15,1581.86491,949.1189459,52663,1053.26,2,1123.222309,673.9333852,37394,747.88
N1,S3,H,50,1,730.0614594,438.0368756,24305,486.1,16,2311.926369,1387.155822,76968,1539.36,1,730.0614594,438.0368756,24305,486.1
N1,S3,M,1,103,445.6658075,267.3994845,34791,695.82,103,445.6658075,267.3994845,34791,695.82,347,39344.3705,23606.6223,3071427,61428.54
N1,S3,M,2,49,932.2973604,559.3784163,72780,1455.6,152,1377.963168,826.7779007,107571,2151.42,244,38898.70469,23339.22281,3036636,60732.72
N1,S3,M,3,34,1096.416539,657.8499231,85592,1711.84,186,2474.379706,1484.627824,193163,3863.26,195,37966.40733,22779.8444,2963856,59277.12
N1,S3,M,4,37,1880.389206,1128.233524,146793,2935.86,223,4354.768913,2612.861348,339956,6799.12,161,36869.99079,22121.99448,2878264,57565.28
N1,S3,M,7,25,1886.166427,1131.699856,147244,2944.88,248,6240.93534,3744.561204,487200,9744,124,34989.60159,20993.76095,2731471,54629.42
N1,S3,M,10,29,2976.45988,1785.875928,232358,4647.16,277,9217.39522,5530.437132,719558,14391.16,99,33103.43516,19862.0611,2584227,51684.54
N1,S3,M,20,33,6046.021398,3627.612839,471984,9439.68,310,15263.41662,9158.049971,1191542,23830.84,70,30126.97528,18076.18517,2351869,47037.38
N1,S3,M,50,25,10677.55888,6406.535331,833546,16670.92,335,25940.9755,15564.5853,2025088,40501.76,37,24080.95388,14448.57233,1879885,37597.7
N1,S3,M,100,10,9026.785372,5416.071223,704678,14093.56,345,34967.76087,20980.65652,2729766,54595.32,12,13403.395,8042.036998,1046339,20926.78
N1,S3,M,200,2,4376.609624,2625.965775,341661,6833.22,347,39344.3705,23606.6223,3071427,61428.54,2,4376.609624,2625.965775,341661,6833.22
N1,S3,L,1,87,32.7785352,19.66712112,27971,559.42,87,32.7785352,19.66712112,27971,559.42,305,2510.501109,1506.300665,2142293,42845.86
N1,S3,L,2,41,69.7195729,41.83174374,59494,1189.88,128,102.4981081,61.49886486,87465,1749.3,218,2477.722574,1486.633544,2114322,42286.44
N1,S3,L,3,30,86.3426297,51.80557782,73679,1473.58,158,188.8407378,113.3044427,161144,3222.88,177,2408.003001,1444.801801,2054828,41096.56
N1,S3,L,4,44,202.6243398,121.5746039,172906,3458.12,202,391.4650776,234.8790466,334050,6681,147,2321.660371,1392.996223,1981149,39622.98
N1,S3,L,7,31,215.9309884,129.558593,184261,3685.22,233,607.3960659,364.4376396,518311,10366.22,103,2119.036031,1271.421619,1808243,36164.86
N1,S3,L,10,18,170.8430708,102.5058425,145786,2915.72,251,778.2391367,466.943482,664097,13281.94,72,1903.105043,1141.863026,1623982,32479.64
N1,S3,L,20,32,513.8171038,308.2902623,438457,8769.14,283,1292.056241,775.2337443,1102554,22051.08,54,1732.261972,1039.357183,1478196,29563.92
N1,S3,L,50,14,528.0073466,316.804408,450566,9011.32,297,1820.063587,1092.038152,1553120,31062.4,22,1218.444868,731.0669211,1039739,20794.78
N1,S3,L,100,6,426.7197861,256.0318717,364134,7282.68,303,2246.783373,1348.070024,1917254,38345.08,8,690.4375218,414.2625131,589173,11783.46
N1,S3,L,200,2,263.7177357,158.2306414,225039,4500.78,305,2510.501109,1506.300665,2142293,42845.86,2,263.7177357,158.2306414,225039,4500.78
N1,S4,H,1,1,28.77592586,17.26555552,958,23.95,1,28.77592586,17.26555552,958,23.95,13,7355.46307,4413.277842,244876,6121.9
N1,S4,H,2,1,42.59317628,25.55590577,1418,35.45,2,71.36910214,42.82146128,2376,59.4,12,7326.687145,4396.012287,243918,6097.95
N1,S4,H,3,3,235.6441946,141.3865167,7845,196.125,5,307.0132967,184.207978,10221,255.525,11,7284.093968,4370.456381,242500,6062.5
N1,S4,H,4,2,246.6679574,148.0007744,8212,205.3,7,553.6812541,332.2087525,18433,460.825,8,7048.449774,4229.069864,234655,5866.375
N1,S4,H,7,2,367.8692735,220.7215641,12247,306.175,9,921.5505276,552.9303166,30680,767,6,6801.781816,4081.06909,226443,5661.075
N1,S4,H,20,3,1220.844187,732.5065119,40644,1016.1,12,2142.394714,1285.436829,71324,1783.1,4,6433.912543,3860.347526,214196,5354.9
N1,S4,H,200,1,5213.068356,3127.841014,173552,4338.8,13,7355.46307,4413.277842,244876,6121.9,1,5213.068356,3127.841014,173552,4338.8
N1,S4,M,1,134,663.0993798,397.8596279,51765,1294.125,134,663.0993798,397.8596279,51765,1294.125,459,74903.48305,44942.08983,5847357,146183.925
N1,S4,M,2,64,1189.556606,713.7339636,92863,2321.575,198,1852.655986,1111.593591,144628,3615.7,325,74240.38367,44544.2302,5795592,144889.8
N1,S4,M,3,33,1029.728711,617.8372269,80386,2009.65,231,2882.384697,1729.430818,225014,5625.35,261,73050.82707,43830.49624,5702729,142568.225
N1,S4,M,4,53,2632.811333,1579.6868,205531,5138.275,284,5515.19603,3309.117618,430545,10763.625,228,72021.09836,43212.65901,5622343,140558.575
N1,S4,M,7,26,1977.154448,1186.292669,154347,3858.675,310,7492.350477,4495.410286,584892,14622.3,175,69388.28702,41632.97221,5416812,135420.3
N1,S4,M,10,38,3981.645012,2388.987007,310828,7770.7,348,11473.99549,6884.397293,895720,22393,149,67411.13258,40446.67955,5262465,131561.625
N1,S4,M,20,45,8034.269134,4820.56148,627197,15679.925,393,19508.26462,11704.95877,1522917,38072.925,111,63429.48757,38057.69254,4951637,123790.925
N1,S4,M,50,36,14831.76473,8899.05884,1157845,28946.125,429,34340.02936,20604.01761,2680762,67019.05,66,55395.21843,33237.13106,4324440,108111
N1,S4,M,100,22,19829.15015,11897.49009,1547967,38699.175,451,54169.17951,32501.50771,4228729,105718.225,30,40563.4537,24338.07222,3166595,79164.875
N1,S4,M,200,6,10867.56667,6520.540003,848379,21209.475,457,65036.74618,39022.04771,5077108,126927.7,8,20734.30354,12440.58213,1618628,40465.7
N1,S4,M,500,1,2689.853379,1613.912028,209984,5249.6,458,67726.59956,40635.95974,5287092,132177.3,2,9866.736873,5920.042124,770249,19256.225
N1,S4,M,999,1,7176.883493,4306.130096,560265,14006.625,459,74903.48305,44942.08983,5847357,146183.925,1,7176.883493,4306.130096,560265,14006.625
N1,S4,L,1,93,39.86252381,23.91751429,34016,850.4,93,39.86252381,23.91751429,34016,850.4,341,3565.516192,2139.309715,3042572,76064.3
N1,S4,L,2,43,74.50668513,44.70401108,63579,1589.475,136,114.3692089,68.62152536,97595,2439.875,248,3525.653668,2115.392201,3008556,75213.9
N1,S4,L,3,28,83.60864369,50.16518622,71346,1783.65,164,197.9778526,118.7867116,168941,4223.525,205,3451.146983,2070.68819,2944977,73624.425
N1,S4,L,4,36,159.1395482,95.48372891,135799,3394.975,200,357.1174008,214.2704405,304740,7618.5,177,3367.53834,2020.523004,2873631,71840.775
N1,S4,L,7,28,195.1899603,117.1139762,166562,4164.05,228,552.3073612,331.3844167,471302,11782.55,141,3208.398791,1925.039275,2737832,68445.8
N1,S4,L,10,33,320.6908166,192.4144899,273656,6841.4,261,872.9981777,523.7989066,744958,18623.95,113,3013.208831,1807.925299,2571270,64281.75
N1,S4,L,20,40,619.1699011,371.5019407,528358,13208.95,301,1492.168079,895.3008473,1273316,31832.9,80,2692.518015,1615.510809,2297614,57440.35
N1,S4,L,50,33,1231.575736,738.9454414,1050944,26273.6,334,2723.743814,1634.246289,2324260,58106.5,40,2073.348113,1244.008868,1769256,44231.4
N1,S4,L,100,4,332.4166048,199.4499629,283662,7091.55,338,3056.160419,1833.696252,2607922,65198.05,7,841.7723778,505.0634267,718312,17957.8
N1,S4,L,200,3,509.355773,305.6134638,434650,10866.25,341,3565.516192,2139.309715,3042572,76064.3,3,509.355773,305.6134638,434650,10866.25
N1,S5,H,1,1,10.21275031,6.127650184,340,8.5,1,10.21275031,6.127650184,340,8.5,2,7942.936513,4765.761908,264434,6610.85
N1,S5,H,500,1,7932.723763,4759.634258,264094,6602.35,2,7942.936513,4765.761908,264434,6610.85,1,7932.723763,4759.634258,264094,6602.35
N1,S5,M,1,28,142.1503684,85.29022101,11097,277.425,28,142.1503684,85.29022101,11097,277.425,109,12623.34213,7574.005277,985444,24636.1
N1,S5,M,2,16,293.8696585,176.3217951,22941,573.525,44,436.0200269,261.6120161,34038,850.95,81,12481.19176,7488.715056,974347,24358.675
N1,S5,M,3,7,243.027556,145.8165336,18972,474.3,51,679.0475828,407.4285497,53010,1325.25,65,12187.3221,7312.393261,951406,23785.15
N1,S5,M,4,12,592.3764652,355.4258791,46244,1156.1,63,1271.424048,762.8544288,99254,2481.35,58,11944.29455,7166.576727,932434,23310.85
N1,S5,M,7,4,328.7379385,197.2427631,25663,641.575,67,1600.161986,960.0971919,124917,3122.925,46,11351.91808,6811.150848,886190,22154.75
N1,S5,M,10,13,1349.960942,809.976565,105385,2634.625,80,2950.122928,1770.073757,230302,5757.55,42,11023.18014,6613.908085,860527,21513.175
N1,S5,M,20,15,2768.877045,1661.326227,216153,5403.825,95,5718.999973,3431.399984,446455,11161.375,29,9673.2192,5803.93152,755142,18878.55
N1,S5,M,50,9,2901.650639,1740.990383,226518,5662.95,104,8620.650612,5172.390367,672973,16824.325,14,6904.342155,4142.605293,538989,13474.725
N1,S5,M,100,5,4002.691516,2401.614909,312471,7811.775,109,12623.34213,7574.005277,985444,24636.1,5,4002.691516,2401.614909,312471,7811.775
N1,S5,L,1,24,13.03594529,7.821567172,11124,278.1,24,13.03594529,7.821567172,11124,278.1,89,1543.538422,926.1230532,1317152,32928.8
N1,S5,L,2,17,28.96173605,17.37704163,24714,617.85,41,41.99768134,25.1986088,35838,895.95,65,1530.502477,918.301486,1306028,32650.7
N1,S5,L,3,5,15.15821218,9.094927308,12935,323.375,46,57.15589352,34.29353611,48773,1219.325,48,1501.540741,900.9244444,1281314,32032.85
N1,S5,L,4,4,19.48126164,11.68875698,16624,415.6,50,76.63715515,45.98229309,65397,1634.925,43,1486.382528,891.8295171,1268379,31709.475
N1,S5,L,7,7,48.78870102,29.27322061,41633,1040.825,57,125.4258562,75.2555137,107030,2675.75,39,1466.901267,880.1407601,1251755,31293.875
N1,S5,L,10,9,86.83364562,52.10018737,74098,1852.45,66,212.2595018,127.3557011,181128,4528.2,32,1418.112566,850.8675395,1210122,30253.05
N1,S5,L,20,12,188.3122219,112.9873331,160693,4017.325,78,400.5717236,240.3430342,341821,8545.525,23,1331.27892,798.7673521,1136024,28400.6
N1,S5,L,50,4,169.6325232,101.7795139,144753,3618.825,82,570.2042469,342.1225481,486574,12164.35,11,1142.966698,685.780019,975331,24383.275
N1,S5,L,100,2,157.0184532,94.2110719,133989,3349.725,84,727.2227,436.33362,620563,15514.075,7,973.3341752,584.0005051,830578,20764.45
N1,S5,L,200,5,816.315722,489.7894332,696589,17414.725,89,1543.538422,926.1230532,1317152,32928.8,5,816.315722,489.7894332,696589,17414.725
N1,S6,H,1,1,15.52938797,9.317632779,517,12.925,1,15.52938797,9.317632779,517,12.925,5,32200.98194,19320.58916,1072026,26800.65
N1,S6,H,2,1,49.65198899,29.79119339,1653,41.325,2,65.18137695,39.10882617,2170,54.25,4,32185.45255,19311.27153,1071509,26787.725
N1,S6,H,4,1,135.8896541,81.53379244,4524,113.1,3,201.071031,120.6426186,6694,167.35,3,32135.80056,19281.48034,1069856,26746.4
N1,S6,H,50,1,689.3606457,413.6163874,22950,573.75,4,890.4316767,534.259006,29644,741.1,2,31999.91091,19199.94655,1065332,26633.3
N1,S6,H,999,1,31310.55026,18786.33016,1042382,26059.55,5,32200.98194,19320.58916,1072026,26800.65,1,31310.55026,18786.33016,1042382,26059.55
N1,S6,M,1,76,402.2661996,241.3597198,31403,785.075,76,402.2661996,241.3597198,31403,785.075,320,63378.96571,38027.37942,4947693,123692.325
N1,S6,M,2,42,780.3090645,468.1854387,60915,1522.875,118,1182.575264,709.5451585,92318,2307.95,244,62976.69951,37786.0197,4916290,122907.25
N1,S6,M,3,31,992.9773906,595.7864344,77517,1937.925,149,2175.552655,1305.331593,169835,4245.875,202,62196.39044,37317.83427,4855375,121384.375
N1,S6,M,4,36,1757.760976,1054.656585,137220,3430.5,185,3933.31363,2359.988178,307055,7676.375,171,61203.41305,36722.04783,4777858,119446.45
N1,S6,M,7,21,1562.129686,937.2778113,121948,3048.7,206,5495.443316,3297.265989,429003,10725.075,135,59445.65208,35667.39125,4640638,116015.95
N1,S6,M,10,36,3952.528333,2371.517,308555,7713.875,242,9447.971648,5668.782989,737558,18438.95,114,57883.52239,34730.11344,4518690,112967.25
N1,S6,M,20,37,6359.105759,3815.463456,496425,12410.625,279,15807.07741,9484.246445,1233983,30849.575,78,53930.99406,32358.59644,4210135,105253.375
N1,S6,M,50,22,9410.349261,5646.209557,734621,18365.525,301,25217.42667,15130.456,1968604,49215.1,41,47571.8883,28543.13298,3713710,92842.75
N1,S6,M,100,11,9999.510466,5999.70628,780614,19515.35,312,35216.93714,21130.16228,2749218,68730.45,19,38161.53904,22896.92342,2979089,74477.225
N1,S6,M,200,4,7776.100393,4665.660236,607043,15176.075,316,42993.03753,25795.82252,3356261,83906.525,8,28162.02857,16897.21714,2198475,54961.875
N1,S6,M,500,3,11665.91194,6999.547162,910702,22767.55,319,54658.94946,32795.36968,4266963,106674.075,4,20385.92818,12231.55691,1591432,39785.8
N1,S6,M,999,1,8720.016243,5232.009746,680730,17018.25,320,63378.96571,38027.37942,4947693,123692.325,1,8720.016243,5232.009746,680730,17018.25
N1,S6,L,1,35,14.18203972,8.509223833,12102,302.55,35,14.18203972,8.509223833,12102,302.55,122,1247.048011,748.2288063,1064147,26603.675
N1,S6,L,2,17,28.32072004,16.99243203,24167,604.175,52,42.50275976,25.50165586,36269,906.725,87,1232.865971,739.7195825,1052045,26301.125
N1,S6,L,3,5,15.07618088,9.045708528,12865,321.625,57,57.57894064,34.54736439,49134,1228.35,70,1204.545251,722.7271505,1027878,25696.95
N1,S6,L,4,16,76.55746761,45.93448056,65329,1633.225,73,134.1364082,80.48184495,114463,2861.575,65,1189.46907,713.6814419,1015013,25375.325
N1,S6,L,7,9,61.02777083,36.6166625,52077,1301.925,82,195.1641791,117.0985074,166540,4163.5,49,1112.911602,667.7469614,949684,23742.1
N1,S6,L,10,16,160.8282211,96.49693264,137240,3431,98,355.9924001,213.5954401,303780,7594.5,40,1051.883831,631.1302989,897607,22440.175
N1,S6,L,20,11,189.6645664,113.7987399,161847,4046.175,109,545.6569666,327.3941799,465627,11640.675,24,891.0556104,534.6333662,760367,19009.175
N1,S6,L,50,9,330.369338,198.2216028,281915,7047.875,118,876.0263045,525.6157827,747542,18688.55,13,701.391044,420.8346264,598520,14963
N1,S6,L,100,3,246.1021001,147.6612601,210007,5250.175,121,1122.128405,673.2770428,957549,23938.725,4,371.021706,222.6130236,316605,7915.125
N1,S6,L,200,1,124.9196059,74.95176352,106598,2664.95,122,1247.048011,748.2288063,1064147,26603.675,1,124.9196059,74.95176352,106598,2664.95
N2,S0,H,1,287,3549.861894,2129.917136,118181,1181.81,287,3549.861894,2129.917136,118181,1181.81,1210,570733.9338,342440.3603,19000713,190007.13
N2,S0,H,2,146,6427.604668,3856.562801,213986,2139.86,433,9977.466561,5986.479937,332167,3321.67,923,567184.0719,340310.4432,18882532,188825.32
N2,S0,H,3,106,7975.046601,4785.027961,265503,2655.03,539,17952.51316,10771.5079,597670,5976.7,777,560756.4673,336453.8804,18668546,186685.46
N2,S0,H,4,145,16968.60478,10181.16287,564914,5649.14,684,34921.11795,20952.67077,1162584,11625.84,671,552781.4207,331668.8524,18403043,184030.43
N2,S0,H,7,88,15769.71801,9461.830806,525001,5250.01,772,50690.83596,30414.50157,1687585,16875.85,526,535812.8159,321487.6895,17838129,178381.29
N2,S0,H,10,95,23980.10843,14388.06506,798339,7983.39,867,74670.94439,44802.56663,2485924,24859.24,438,520043.0979,312025.8587,17313128,173131.28
N2,S0,H,20,142,59520.62968,35712.37781,1981544,19815.44,1009,134191.5741,80514.94444,4467468,44674.68,343,496062.9895,297637.7937,16514789,165147.89
N2,S0,H,50,117,109671.9921,65803.19527,3651169,36511.69,1126,243863.5662,146318.1397,8118637,81186.37,201,436542.3598,261925.4159,14533245,145332.45
N2,S0,H,100,53,116618.765,69971.25897,3882439,38824.39,1179,360482.3312,216289.3987,12001076,120010.76,84,326870.3676,196122.2206,10882076,108820.76
N2,S0,H,200,21,82304.25434,49382.5526,2740050,27400.5,1200,442786.5855,265671.9513,14741126,147411.26,31,210251.6027,126150.9616,6999637,69996.37
N2,S0,H,500,7,61035.81134,36621.4868,2031987,20319.87,1207,503822.3968,302293.4381,16773113,167731.13,10,127947.3483,76768.40901,4259587,42595.87
N2,S0,H,999,3,66911.537,40146.9222,2227600,22276,1210,570733.9338,342440.3603,19000713,190007.13,3,66911.537,40146.9222,2227600,22276
N2,S0,M,1,126,554.8949857,332.9369914,43318,433.18,126,554.8949857,332.9369914,43318,433.18,529,98418.96105,59051.37663,7683098,76830.98
N2,S0,M,2,58,1082.005512,649.203307,84467,844.67,184,1636.900497,982.1402985,127785,1277.85,403,97864.06607,58718.43964,7639780,76397.8
N2,S0,M,3,36,1111.18624,666.7117439,86745,867.45,220,2748.086737,1648.852042,214530,2145.3,345,96782.06056,58069.23633,7555313,75553.13
N2,S0,M,4,57,2948.342366,1769.005419,230163,2301.63,277,5696.429103,3417.857462,444693,4446.93,309,95670.87432,57402.52459,7468568,74685.68
N2,S0,M,7,45,3419.435629,2051.661378,266939,2669.39,322,9115.864732,5469.518839,711632,7116.32,252,92722.53195,55633.51917,7238405,72384.05
N2,S0,M,10,41,4314.033744,2588.420246,336776,3367.76,363,13429.89848,8057.939086,1048408,10484.08,207,89303.09632,53581.85779,6971466,69714.66
N2,S0,M,20,70,12658.45379,7595.072276,988185,9881.85,433,26088.35227,15653.01136,2036593,20365.93,166,84989.06258,50993.43755,6634690,66346.9
N2,S0,M,50,61,25246.17186,15147.70312,1970848,19708.48,494,51334.52413,30800.71448,4007441,40074.41,96,72330.60878,43398.36527,5646505,56465.05
N2,S0,M,100,21,17509.47442,10505.68465,1366881,13668.81,515,68843.99855,41306.39913,5374322,53743.22,35,47084.43692,28250.66215,3675657,36756.57
N2,S0,M,200,10,17363.14806,10417.88883,1355458,13554.58,525,86207.14661,51724.28797,6729780,67297.8,14,29574.9625,17744.9775,2308776,23087.76
N2,S0,M,500,4,12211.81444,7327.088665,953318,9533.18,529,98418.96105,59051.37663,7683098,76830.98,4,12211.81444,7327.088665,953318,9533.18
N2,S0,L,1,60,24.99845243,14.99907146,21332,213.32,60,24.99845243,14.99907146,21332,213.32,195,3537.639613,2122.583768,3018784,30187.84
N2,S0,L,2,22,34.72267699,20.83360619,29630,296.3,82,59.72112942,35.83267765,50962,509.62,135,3512.641161,2107.584696,2997452,29974.52
N2,S0,L,3,18,51.68674962,31.01204977,44106,441.06,100,111.407879,66.84472743,95068,950.68,113,3477.918484,2086.75109,2967822,29678.22
N2,S0,L,4,21,99.64576265,59.78745759,85031,850.31,121,211.0536417,126.632185,180099,1800.99,95,3426.231734,2055.73904,2923716,29237.16
N2,S0,L,7,18,120.3387438,72.20324625,102689,1026.89,139,331.3923855,198.8354313,282788,2827.88,74,3326.585971,1995.951583,2838685,28386.85
N2,S0,L,10,5,49.08752932,29.45251759,41888,418.88,144,380.4799148,228.2879489,324676,3246.76,56,3206.247228,1923.748337,2735996,27359.96
N2,S0,L,20,19,305.0533072,183.0319843,260312,2603.12,163,685.533222,411.3199332,584988,5849.88,51,3157.159698,1894.295819,2694108,26941.08
N2,S0,L,50,20,809.2704053,485.5622432,690577,6905.77,183,1494.803627,896.8821764,1275565,12755.65,32,2852.106391,1711.263835,2433796,24337.96
N2,S0,L,100,9,801.0672754,480.6403652,683577,6835.77,192,2295.870903,1377.522542,1959142,19591.42,12,2042.835986,1225.701592,1743219,17432.19
N2,S0,L,200,1,121.0137442,72.6082465,103265,1032.65,193,2416.884647,1450.130788,2062407,20624.07,3,1241.76871,745.0612263,1059642,10596.42
N2,S0,L,500,1,373.0701447,223.8420868,318353,3183.53,194,2789.954792,1673.972875,2380760,23807.6,2,1120.754966,672.4529798,956377,9563.77
N2,S0,L,999,1,747.6848216,448.610893,638024,6380.24,195,3537.639613,2122.583768,3018784,30187.84,1,747.6848216,448.610893,638024,6380.24
N2,S1,H,1,71,765.8961979,459.5377188,25498,254.98,71,765.8961979,459.5377188,25498,254.98,222,60614.8658,36368.91948,2017973,20179.73
N2,S1,H,2,30,1322.13064,793.2783838,44016,440.16,101,2088.026838,1252.816103,69514,695.14,151,59848.96961,35909.38176,1992475,19924.75
N2,S1,H,3,23,1725.534277,1035.320566,57446,574.46,124,3813.561114,2288.136669,126960,1269.6,121,58526.83897,35116.10338,1948459,19484.59
N2,S1,H,4,25,2880.115736,1728.069442,95884,958.84,149,6693.676851,4016.20611,222844,2228.44,98,56801.30469,34080.78281,1891013,18910.13
N2,S1,H,7,14,2539.490476,1523.694286,84544,845.44,163,9233.167327,5539.900396,307388,3073.88,73,53921.18895,32352.71337,1795129,17951.29
N2,S1,H,10,19,4553.264611,2731.958767,151586,1515.86,182,13786.43194,8271.859163,458974,4589.74,59,51381.69848,30829.01909,1710585,17105.85
N2,S1,H,20,26,11178.09551,6706.857306,372138,3721.38,208,24964.52745,14978.71647,831112,8311.12,40,46828.43387,28097.06032,1558999,15589.99
N2,S1,H,50,10,9857.797158,5914.678295,328183,3281.83,218,34822.32461,20893.39476,1159295,11592.95,14,35650.33836,21390.20301,1186861,11868.61
N2,S1,H,100,1,1572.883697,943.7302183,52364,523.64,219,36395.2083,21837.12498,1211659,12116.59,4,25792.5412,15475.52472,858678,8586.78
N2,S1,H,200,2,9799.013769,5879.408261,326226,3262.26,221,46194.22207,27716.53324,1537885,15378.85,3,24219.6575,14531.7945,806314,8063.14
N2,S1,H,500,1,14420.64373,8652.386239,480088,4800.88,222,60614.8658,36368.91948,2017973,20179.73,1,14420.64373,8652.386239,480088,4800.88
N2,S1,M,1,237,1019.993262,611.9959573,79626,796.26,237,1019.993262,611.9959573,79626,796.26,723,82761.83518,49657.10111,6460821,64608.21
N2,S1,M,2,90,1748.473869,1049.084322,136495,1364.95,327,2768.467132,1661.080279,216121,2161.21,486,81741.84192,49045.10515,6381195,63811.95
N2,S1,M,3,62,1927.516466,1156.50988,150472,1504.72,389,4695.983598,2817.590159,366593,3665.93,396,79993.36805,47996.02083,6244700,62447
N2,S1,M,4,81,4111.228965,2466.737379,320944,3209.44,470,8807.212563,5284.327538,687537,6875.37,334,78065.85159,46839.51095,6094228,60942.28
N2,S1,M,7,56,4186.704316,2512.022589,326836,3268.36,526,12993.91688,7796.350127,1014373,10143.73,253,73954.62262,44372.77357,5773284,57732.84
N2,S1,M,10,44,4766.808991,2860.085395,372122,3721.22,570,17760.72587,10656.43552,1386495,13864.95,197,69767.9183,41860.75098,5446448,54464.48
N2,S1,M,20,76,13461.0391,8076.623462,1050839,10508.39,646,31221.76497,18733.05898,2437334,24373.34,153,65001.10931,39000.66559,5074326,50743.26
N2,S1,M,50,56,23409.92523,14045.95514,1827501,18275.01,702,54631.69021,32779.01412,4264835,42648.35,77,51540.07021,30924.04213,4023487,40234.87
N2,S1,M,100,13,11042.3436,6625.406163,862023,8620.23,715,65674.03381,39404.42029,5126858,51268.58,21,28130.14498,16878.08699,2195986,21959.86
N2,S1,M,200,7,10917.10217,6550.261305,852246,8522.46,722,76591.13599,45954.68159,5979104,59791.04,8,17087.80137,10252.68082,1333963,13339.63
N2,S1,M,500,1,6170.699197,3702.419518,481717,4817.17,723,82761.83518,49657.10111,6460821,64608.21,1,6170.699197,3702.419518,481717,4817.17
N2,S1,L,1,186,82.11450217,49.2687013,70071,700.71,186,82.11450217,49.2687013,70071,700.71,496,5752.949921,3451.769952,4909181,49091.81
N2,S1,L,2,71,117.9082736,70.74496413,100615,1006.15,257,200.0227757,120.0136654,170686,1706.86,310,5670.835419,3402.501251,4839110,48391.1
N2,S1,L,3,66,189.7301915,113.8381149,161903,1619.03,323,389.7529672,233.8517803,332589,3325.89,239,5552.927145,3331.756287,4738495,47384.95
N2,S1,L,4,54,252.0505412,151.2303247,215083,2150.83,377,641.8035084,385.082105,547672,5476.72,173,5363.196954,3217.918172,4576592,45765.92
N2,S1,L,7,25,171.3282273,102.7969364,146200,1462,402,813.1317357,487.8790414,693872,6938.72,119,5111.146412,3066.687847,4361509,43615.09
N2,S1,L,10,26,242.5724105,145.5434463,206995,2069.95,428,1055.704146,633.4224877,900867,9008.67,94,4939.818185,2963.890911,4215309,42153.09
N2,S1,L,20,41,704.5879209,422.7527525,601248,6012.48,469,1760.292067,1056.17524,1502115,15021.15,68,4697.245775,2818.347465,4008314,40083.14
N2,S1,L,50,19,652.6164055,391.5698433,556899,5568.99,488,2412.908473,1447.745084,2059014,20590.14,27,3992.657854,2395.594712,3407066,34070.66
N2,S1,L,100,5,422.374471,253.4246826,360426,3604.26,493,2835.282944,1701.169766,2419440,24194.4,8,3340.041448,2004.024869,2850167,28501.67
N2,S1,L,200,1,175.8926832,105.5356099,150095,1500.95,494,3011.175627,1806.705376,2569535,25695.35,3,2917.666977,1750.600186,2489741,24897.41
N2,S1,L,500,1,368.9322516,221.359351,314822,3148.22,495,3380.107878,2028.064727,2884357,28843.57,2,2741.774294,1645.064576,2339646,23396.46
N2,S1,L,999,1,2372.842042,1423.705225,2024824,20248.24,496,5752.949921,3451.769952,4909181,49091.81,1,2372.842042,1423.705225,2024824,20248.24
N2,S2,H,1,34,369.6414861,221.7848916,12306,184.59,34,369.6414861,221.7848916,12306,184.59,126,25185.51334,15111.30801,838469,12577.035
N2,S2,H,2,13,544.1894038,326.5136423,18117,271.755,47,913.8308899,548.2985339,30423,456.345,92,24815.87186,14889.52311,826163,12392.445
N2,S2,H,3,14,1029.505306,617.7031835,34274,514.11,61,1943.336196,1166.001717,64697,970.455,79,24271.68245,14563.00947,808046,12120.69
N2,S2,H,4,13,1493.584695,896.1508169,49724,745.86,74,3436.92089,2062.152534,114421,1716.315,65,23242.17715,13945.30629,773772,11606.58
N2,S2,H,7,11,2002.870523,1201.722314,66679,1000.185,85,5439.791413,3263.874848,181100,2716.5,52,21748.59245,13049.15547,724048,10860.72
N2,S2,H,10,15,3858.767553,2315.260532,128465,1926.975,100,9298.558966,5579.13538,309565,4643.475,41,19745.72193,11847.43316,657369,9860.535
N2,S2,H,20,16,6157.267159,3694.360296,204986,3074.79,116,15455.82613,9273.495675,514551,7718.265,26,15886.95438,9532.172626,528904,7933.56
N2,S2,H,50,9,8017.940153,4810.764092,266931,4003.965,125,23473.76628,14084.25977,781482,11722.23,10,9729.687217,5837.81233,323918,4858.77
N2,S2,H,100,1,1711.747064,1027.048238,56987,854.805,126,25185.51334,15111.30801,838469,12577.035,1,1711.747064,1027.048238,56987,854.805
N2,S2,M,1,340,1657.857333,994.7143997,129421,1941.315,340,1657.857333,994.7143997,129421,1941.315,1125,127354.7273,76412.83636,9941975,149129.625
N2,S2,M,2,159,2938.120144,1762.872086,229365,3440.475,499,4595.977477,2757.586486,358786,5381.79,785,125696.8699,75418.12196,9812554,147188.31
N2,S2,M,3,96,3038.113455,1822.868073,237171,3557.565,595,7634.090932,4580.454559,595957,8939.355,626,122758.7498,73655.24987,9583189,143747.835
N2,S2,M,4,138,6848.670757,4109.202454,534643,8019.645,733,14482.76169,8689.657013,1130600,16959,530,119720.6363,71832.3818,9346018,140190.27
N2,S2,M,7,92,7072.560469,4243.536282,552121,8281.815,825,21555.32216,12933.19329,1682721,25240.815,392,112871.9656,67723.17934,8811375,132170.625
N2,S2,M,10,56,5919.332461,3551.599476,462094,6931.41,881,27474.65462,16484.79277,2144815,32172.225,300,105799.4051,63479.64306,8259254,123888.81
N2,S2,M,20,121,21837.02251,13102.2135,1704712,25570.68,1002,49311.67712,29587.00627,3849527,57742.905,244,99880.07264,59928.04359,7797160,116957.4
N2,S2,M,50,86,32520.92224,19512.55334,2538753,38081.295,1088,81832.59937,49099.55962,6388280,95824.2,123,78043.05014,46825.83008,6092448,91386.72
N2,S2,M,100,29,26396.59453,15837.95672,2060656,30909.84,1117,108229.1939,64937.51633,8448936,126734.04,37,45522.1279,27313.27674,3553695,53305.425
N2,S2,M,200,7,12955.62838,7773.377029,1011384,15170.76,1124,121184.8223,72710.89336,9460320,141904.8,8,19125.53337,11475.32002,1493039,22395.585
N2,S2,M,500,1,6169.90499,3701.942994,481655,7224.825,1125,127354.7273,76412.83636,9941975,149129.625,1,6169.90499,3701.942994,481655,7224.825
N2,S2,L,1,287,116.0180381,69.61082283,99002,1485.03,287,116.0180381,69.61082283,99002,1485.03,723,4354.792054,2612.875233,3716087,55741.305
N2,S2,L,2,98,166.579787,99.9478722,142148,2132.22,385,282.5978251,169.558695,241150,3617.25,436,4238.774016,2543.26441,3617085,54256.275
N2,S2,L,3,66,191.0520672,114.6312403,163031,2445.465,451,473.6498923,284.1899354,404181,6062.715,338,4072.194229,2443.316538,3474937,52124.055
N2,S2,L,4,86,389.8373422,233.9024053,332661,4989.915,537,863.4872345,518.0923407,736842,11052.63,272,3881.142162,2328.685297,3311906,49678.59
N2,S2,L,7,49,339.9728593,203.9837156,290110,4351.65,586,1203.460094,722.0760563,1026952,15404.28,186,3491.30482,2094.782892,2979245,44688.675
N2,S2,L,10,41,398.9568789,239.3741274,340443,5106.645,627,1602.416973,961.4501837,1367395,20510.925,137,3151.331961,1890.799176,2689135,40337.025
N2,S2,L,20,60,1028.446317,617.0677905,877607,13164.105,687,2630.86329,1578.517974,2245002,33675.03,96,2752.375082,1651.425049,2348692,35230.38
N2,S2,L,50,29,1012.651777,607.5910661,864129,12961.935,716,3643.515067,2186.10904,3109131,46636.965,36,1723.928764,1034.357258,1471085,22066.275
N2,S2,L,100,4,301.0220548,180.6132329,256872,3853.08,720,3944.537122,2366.722273,3366003,50490.045,7,711.2769874,426.7661924,606956,9104.34
N2,S2,L,200,3,410.2549326,246.1529595,350084,5251.26,723,4354.792054,2612.875233,3716087,55741.305,3,410.2549326,246.1529595,350084,5251.26
N2,S3,H,1,6,66.23268948,39.73961369,2205,44.1,6,66.23268948,39.73961369,2205,44.1,31,9070.093734,5442.056241,301959,6039.18
N2,S3,H,2,6,284.304946,170.5829676,9465,189.3,12,350.5376355,210.3225813,11670,233.4,25,9003.861045,5402.316627,299754,5995.08
N2,S3,H,3,3,233.091007,139.8546042,7760,155.2,15,583.6286425,350.1771855,19430,388.6,19,8719.556099,5231.733659,290289,5805.78
N2,S3,H,4,4,495.0180148,297.0108089,16480,329.6,19,1078.646657,647.1879944,35910,718.2,16,8486.465092,5091.879055,282529,5650.58
N2,S3,H,7,4,684.7348705,410.8409223,22796,455.92,23,1763.381528,1058.028917,58706,1174.12,12,7991.447077,4794.868246,266049,5320.98
N2,S3,H,10,1,298.9031715,179.3419029,9951,199.02,24,2062.284699,1237.37082,68657,1373.14,8,7306.712206,4384.027324,243253,4865.06
N2,S3,H,20,4,1714.660701,1028.796421,57084,1141.68,28,3776.945401,2266.16724,125741,2514.82,7,7007.809035,4204.685421,233302,4666.04
N2,S3,H,50,1,702.8174461,421.6904676,23398,467.96,29,4479.762847,2687.857708,149139,2982.78,3,5293.148334,3175.889,176218,3524.36
N2,S3,H,100,2,4590.330888,2754.198533,152820,3056.4,31,9070.093734,5442.056241,301959,6039.18,2,4590.330888,2754.198533,152820,3056.4
N2,S3,M,1,102,461.4987222,276.8992333,36027,720.54,102,461.4987222,276.8992333,36027,720.54,404,60602.00568,36361.20341,4730909,94618.18
N2,S3,M,2,40,732.0289222,439.2173533,57146,1142.92,142,1193.527644,716.1165867,93173,1863.46,302,60140.50696,36084.30417,4694882,93897.64
N2,S3,M,3,37,1202.725082,721.6350492,93891,1877.82,179,2396.252727,1437.751636,187064,3741.28,262,59408.47803,35645.08682,4637736,92754.72
N2,S3,M,4,46,2360.372472,1416.223483,184263,3685.26,225,4756.625199,2853.975119,371327,7426.54,225,58205.75295,34923.45177,4543845,90876.9
N2,S3,M,7,27,1979.050298,1187.430179,154495,3089.9,252,6735.675497,4041.405298,525822,10516.44,179,55845.38048,33507.22829,4359582,87191.64
N2,S3,M,10,31,3264.001497,1958.400898,254805,5096.1,283,9999.676994,5999.806196,780627,15612.54,152,53866.33018,32319.79811,4205087,84101.74
N2,S3,M,20,48,8357.498858,5014.499315,652430,13048.6,331,18357.17585,11014.30551,1433057,28661.14,121,50602.32868,30361.39721,3950282,79005.64
N2,S3,M,50,50,18798.23013,11278.93808,1467488,29349.76,381,37155.40598,22293.24359,2900545,58010.9,73,42244.82983,25346.8979,3297852,65957.04
N2,S3,M,100,19,16403.10467,9841.8628,1280512,25610.24,400,53558.51065,32135.10639,4181057,83621.14,23,23446.5997,14067.95982,1830364,36607.28
N2,S3,M,200,4,7043.495029,4226.097018,549852,10997.04,404,60602.00568,36361.20341,4730909,94618.18,4,7043.495029,4226.097018,549852,10997.04
N2,S3,L,1,120,46.34534018,27.80720411,39548,790.96,120,46.34534018,27.80720411,39548,790.96,361,2880.987268,1728.592361,2458441,49168.82
N2,S3,L,2,50,85.90317631,51.54190579,73304,1466.08,170,132.2485165,79.3491099,112852,2257.04,241,2834.641928,1700.785157,2418893,48377.86
N2,S3,L,3,32,90.97739809,54.58643886,77634,1552.68,202,223.2259146,133.9355488,190486,3809.72,191,2748.738751,1649.243251,2345589,46911.78
N2,S3,L,4,48,213.3751275,128.0250765,182080,3641.6,250,436.601042,261.9606252,372566,7451.32,159,2657.761353,1594.656812,2267955,45359.1
N2,S3,L,7,25,176.0567458,105.6340475,150235,3004.7,275,612.6577878,367.5946727,522801,10456.02,111,2444.386226,1466.631735,2085875,41717.5
N2,S3,L,10,21,208.6231715,125.1739029,178025,3560.5,296,821.2809593,492.7685756,700826,14016.52,86,2268.32948,1360.997688,1935640,38712.8
N2,S3,L,20,39,675.2148565,405.1289139,576183,11523.66,335,1496.495816,897.8974895,1277009,25540.18,65,2059.706308,1235.823785,1757615,35152.3
N2,S3,L,50,20,699.1984645,419.5190787,596649,11932.98,355,2195.69428,1317.416568,1873658,37473.16,26,1384.491452,830.6948712,1181432,23628.64
N2,S3,L,100,5,336.9693419,202.1816051,287547,5750.94,360,2532.663622,1519.598173,2161205,43224.1,6,685.2929875,411.1757925,584783,11695.66
N2,S3,L,500,1,348.3236456,208.9941873,297236,5944.72,361,2880.987268,1728.592361,2458441,49168.82,1,348.3236456,208.9941873,297236,5944.72
N2,S4,H,1,6,68.09501454,40.85700872,2267,56.675,6,68.09501454,40.85700872,2267,56.675,26,10252.36977,6151.421862,341319,8532.975
N2,S4,H,2,2,71.33906464,42.80343878,2375,59.375,8,139.4340792,83.66044751,4642,116.05,20,10184.27476,6110.564853,339052,8476.3
N2,S4,H,3,1,63.4992769,38.09956614,2114,52.85,9,202.9333561,121.7600136,6756,168.9,18,10112.93569,6067.761414,336677,8416.925
N2,S4,H,4,4,435.7840631,261.4704378,14508,362.7,13,638.7174191,383.2304515,21264,531.6,17,10049.43641,6029.661848,334563,8364.075
N2,S4,H,7,3,538.0917911,322.8550747,17914,447.85,16,1176.80921,706.0855262,39178,979.45,13,9613.652351,5768.19141,320055,8001.375
N2,S4,H,10,2,496.6100024,297.9660014,16533,413.325,18,1673.419213,1004.051528,55711,1392.775,10,9075.560559,5445.336336,302141,7553.525
N2,S4,H,20,3,1167.767922,700.6607535,38877,971.925,21,2841.187135,1704.712281,94588,2364.7,8,8578.950557,5147.370334,285608,7140.2
N2,S4,H,50,4,4088.85481,2453.312886,136125,3403.125,25,6930.041945,4158.025167,230713,5767.825,5,7411.182635,4446.709581,246731,6168.275
N2,S4,H,200,1,3322.327825,1993.396695,110606,2765.15,26,10252.36977,6151.421862,341319,8532.975,1,3322.327825,1993.396695,110606,2765.15
N2,S4,M,1,127,602.5858771,361.5515262,47041,1176.025,127,602.5858771,361.5515262,47041,1176.025,611,151430.6213,90858.37276,11821465,295536.625
N2,S4,M,2,66,1226.807509,736.0845054,95771,2394.275,193,1829.393386,1097.636032,142812,3570.3,484,150828.0354,90496.82124,11774424,294360.6
N2,S4,M,3,42,1319.307086,791.5842518,102992,2574.8,235,3148.700472,1889.220283,245804,6145.1,418,149601.2279,89760.73673,11678653,291966.325
N2,S4,M,4,58,2839.407813,1703.644688,221659,5541.475,293,5988.108285,3592.864971,467463,11686.575,376,148281.9208,88969.15248,11575661,289391.525
N2,S4,M,7,33,2555.312033,1533.18722,199481,4987.025,326,8543.420318,5126.052191,666944,16673.6,318,145442.513,87265.50779,11354002,283850.05
N2,S4,M,10,74,7982.671253,4789.602752,623169,15579.225,400,16526.09157,9915.654943,1290113,32252.825,285,142887.201,85732.32057,11154521,278863.025
N2,S4,M,20,86,15245.30356,9147.182135,1190128,29753.2,486,31771.39513,19062.83708,2480241,62006.025,211,134904.5297,80942.71782,10531352,263283.8
N2,S4,M,50,76,29951.32728,17970.79637,2338157,58453.925,562,61722.72241,37033.63345,4818398,120459.95,125,119659.2261,71795.53568,9341224,233530.6
N2,S4,M,100,26,23093.89462,13856.33677,1802830,45070.75,588,84816.61703,50889.97022,6621228,165530.7,49,89707.89886,53824.73932,7003067,175076.675
N2,S4,M,200,13,22945.31373,13767.18824,1791231,44780.775,601,107761.9308,64657.15845,8412459,210311.475,23,66614.00424,39968.40255,5200237,130005.925
N2,S4,M,500,9,36729.3776,22037.62656,2867287,71682.175,610,144491.3084,86694.78502,11279746,281993.65,10,43668.69051,26201.21431,3409006,85225.15
N2,S4,M,999,1,6939.312913,4163.587748,541719,13542.975,611,151430.6213,90858.37276,11821465,295536.625,1,6939.312913,4163.587748,541719,13542.975
N2,S4,L,1,141,65.27230461,39.16338277,55699,1392.475,141,65.27230461,39.16338277,55699,1392.475,558,7446.379448,4467.827669,6354240,158856
N2,S4,L,2,77,130.3758591,78.22551548,111254,2781.35,218,195.6481637,117.3888982,166953,4173.825,417,7381.107143,4428.664286,6298541,157463.525
N2,S4,L,3,40,115.8024129,69.48144775,98818,2470.45,258,311.4505767,186.870346,265771,6644.275,340,7250.731284,4350.438771,6187287,154682.175
N2,S4,L,4,64,289.2083759,173.5250255,246791,6169.775,322,600.6589525,360.3953715,512562,12814.05,300,7134.928871,4280.957323,6088469,152211.725
N2,S4,L,7,55,381.7256186,229.0353712,325739,8143.475,377,982.3845712,589.4307427,838301,20957.525,236,6845.720495,4107.432297,5841678,146041.95
N2,S4,L,10,41,411.7900897,247.0740538,351394,8784.85,418,1394.174661,836.5047965,1189695,29742.375,181,6463.994877,3878.396926,5515939,137898.475
N2,S4,L,20,60,1028.671318,617.2027906,877799,21944.975,478,2422.845978,1453.707587,2067494,51687.35,140,6052.204787,3631.322872,5164545,129113.625
N2,S4,L,50,51,1899.428869,1139.657321,1620845,40521.125,529,4322.274847,2593.364908,3688339,92208.475,80,5023.533469,3014.120082,4286746,107168.65
N2,S4,L,100,19,1399.75982,839.8558923,1194461,29861.525,548,5722.034668,3433.220801,4882800,122070,29,3124.104601,1874.46276,2665901,66647.525
N2,S4,L,200,10,1724.34478,1034.606868,1471440,36786,558,7446.379448,4467.827669,6354240,158856,10,1724.34478,1034.606868,1471440,36786
N2,S5,H,10,1,276.2248583,165.734915,9196,229.9,1,276.2248583,165.734915,9196,229.9,4,2079.5863,1247.75178,69233,1730.825
N2,S5,H,20,2,871.5981636,522.9588982,29017,725.425,3,1147.823022,688.6938131,38213,955.325,3,1803.361442,1082.016865,60037,1500.925
N2,S5,H,50,1,931.7632779,559.0579668,31020,775.5,4,2079.5863,1247.75178,69233,1730.825,1,931.7632779,559.0579668,31020,775.5
N2,S5,M,1,27,117.5811689,70.54870133,9179,229.475,27,117.5811689,70.54870133,9179,229.475,142,32470.92559,19482.55535,2534850,63371.25
N2,S5,M,2,13,244.2060577,146.5236346,19064,476.6,40,361.7872266,217.072336,28243,706.075,115,32353.34442,19412.00665,2525671,63141.775
N2,S5,M,3,23,720.1414263,432.0848558,56218,1405.45,63,1081.928653,649.1571918,84461,2111.525,102,32109.13836,19265.48302,2506607,62665.175
N2,S5,M,4,13,664.5596972,398.7358183,51879,1296.975,76,1746.48835,1047.89301,136340,3408.5,79,31388.99693,18833.39816,2450389,61259.725
N2,S5,M,7,12,926.5841889,555.9505134,72334,1808.35,88,2673.072539,1603.843523,208674,5216.85,66,30724.43724,18434.66234,2398510,59962.75
N2,S5,M,10,6,626.348059,375.8088354,48896,1222.4,94,3299.420598,1979.652359,257570,6439.25,54,29797.85305,17878.71183,2326176,58154.4
N2,S5,M,20,19,3520.248768,2112.149261,274809,6870.225,113,6819.669366,4091.80162,532379,13309.475,48,29171.50499,17502.90299,2277280,56932
N2,S5,M,50,17,6536.713658,3922.028195,510290,12757.25,130,13356.38302,8013.829815,1042669,26066.725,29,25651.25622,15390.75373,2002471,50061.775
N2,S5,M,100,8,6465.59364,3879.356184,504738,12618.45,138,19821.97666,11893.186,1547407,38685.175,12,19114.54256,11468.72554,1492181,37304.525
N2,S5,M,200,2,3918.351782,2351.011069,305887,7647.175,140,23740.32845,14244.19707,1853294,46332.35,4,12648.94892,7589.369353,987443,24686.075
N2,S5,M,500,2,8730.597139,5238.358284,681556,17038.9,142,32470.92559,19482.55535,2534850,63371.25,2,8730.597139,5238.358284,681556,17038.9
N2,S5,L,1,14,6.277738125,3.766642875,5357,133.925,14,6.277738125,3.766642875,5357,133.925,94,1883.074172,1129.844503,1606889,40172.225
N2,S5,L,2,13,24.69024912,14.81414947,21069,526.725,27,30.96798725,18.58079235,26426,660.65,80,1876.796434,1126.07786,1601532,40038.3
N2,S5,L,3,5,14.46094614,8.676567683,12340,308.5,32,45.42893339,27.25736003,38766,969.15,67,1852.106184,1111.263711,1580463,39511.575
N2,S5,L,4,15,68.24066576,40.94439946,58232,1455.8,47,113.6695991,68.20175949,96998,2424.95,62,1837.645238,1102.587143,1568123,39203.075
N2,S5,L,7,9,63.53792858,38.12275715,54219,1355.475,56,177.2075277,106.3245166,151217,3780.425,47,1769.404573,1061.642744,1509891,37747.275
N2,S5,L,10,9,87.7313024,52.63878144,74864,1871.6,65,264.9388301,158.9632981,226081,5652.025,38,1705.866644,1023.519986,1455672,36391.8
N2,S5,L,20,12,206.7012953,124.0207772,176385,4409.625,77,471.6401255,282.9840753,402466,10061.65,29,1618.135342,970.8812049,1380808,34520.2
N2,S5,L,50,11,510.241711,306.1450266,435406,10885.15,88,981.8818365,589.1291019,837872,20946.8,17,1411.434046,846.8604277,1204423,30110.575
N2,S5,L,100,4,331.236526,198.7419156,282655,7066.375,92,1313.118362,787.8710175,1120527,28013.175,6,901.1923352,540.7154011,769017,19225.425
N2,S5,L,500,2,569.9558092,341.9734855,486362,12159.05,94,1883.074172,1129.844503,1606889,40172.225,2,569.9558092,341.9734855,486362,12159.05
N2,S6,H,1,4,43.82471381,26.29482829,1459,36.475,4,43.82471381,26.29482829,1459,36.475,13,3652.710297,2191.626178,121605,3040.125
N2,S6,H,2,1,49.17138897,29.50283338,1637,40.925,5,92.99610279,55.79766167,3096,77.4,9,3608.885583,2165.33135,120146,3003.65
N2,S6,H,3,1,66.803402,40.0820412,2224,55.6,6,159.7995048,95.87970287,5320,133,8,3559.714194,2135.828516,118509,2962.725
N2,S6,H,10,3,801.0701115,480.6420669,26669,666.725,9,960.8696163,576.5217698,31989,799.725,7,3492.910792,2095.746475,116285,2907.125
N2,S6,H,20,3,1396.022892,837.6137351,46476,1161.9,12,2356.892508,1414.135505,78465,1961.625,4,2691.840681,1615.104408,89616,2240.4
N2,S6,H,50,1,1295.817789,777.4906733,43140,1078.5,13,3652.710297,2191.626178,121605,3040.125,1,1295.817789,777.4906733,43140,1078.5
N2,S6,M,1,95,494.1252869,296.4751722,38574,964.35,95,494.1252869,296.4751722,38574,964.35,527,177022.7603,106213.6562,13819321,345483.025
N2,S6,M,2,45,835.0325369,501.0195221,65187,1629.675,140,1329.157824,797.4946943,103761,2594.025,432,176528.635,105917.181,13780747,344518.675
N2,S6,M,3,55,1769.558803,1061.735282,138141,3453.525,195,3098.716627,1859.229976,241902,6047.55,387,175693.6024,105416.1615,13715560,342889
N2,S6,M,4,71,3529.100341,2117.460204,275500,6887.5,266,6627.816967,3976.69018,517402,12935.05,332,173924.0436,104354.4262,13577419,339435.475
N2,S6,M,7,44,3411.045209,2046.627126,266284,6657.1,310,10038.86218,6023.317306,783686,19592.15,261,170394.9433,102236.966,13301919,332547.975
N2,S6,M,10,38,4085.08416,2451.050496,318903,7972.575,348,14123.94634,8474.367802,1102589,27564.725,217,166983.8981,100190.3388,13035635,325890.875
N2,S6,M,20,63,11096.42659,6657.855952,866245,21656.125,411,25220.37292,15132.22375,1968834,49220.85,179,162898.8139,97739.28835,12716732,317918.3
N2,S6,M,50,64,24860.49436,14916.29661,1940740,48518.5,475,50080.86728,30048.52037,3909574,97739.35,116,151802.3873,91081.4324,11850487,296262.175
N2,S6,M,100,23,18750.59048,11250.35429,1463769,36594.225,498,68831.45776,41298.87466,5373343,134333.575,52,126941.893,76165.13579,9909747,247743.675
N2,S6,M,200,21,36361.03176,21816.61905,2838532,70963.3,519,105192.4895,63115.49371,8211875,205296.875,29,108191.3025,64914.7815,8445978,211149.45
N2,S6,M,500,4,14673.43559,8804.061351,1145485,28637.125,523,119865.9251,71919.55506,9357360,233934,8,71830.27074,43098.16245,5607446,140186.15
N2,S6,M,999,4,57156.83516,34294.10109,4461961,111549.025,527,177022.7603,106213.6562,13819321,345483.025,4,57156.83516,34294.10109,4461961,111549.025
N2,S6,L,1,52,26.31329697,15.78797818,22454,561.35,52,26.31329697,15.78797818,22454,561.35,243,6856.27558,4113.765348,5850685,146267.125
N2,S6,L,2,24,40.65822741,24.39493645,34695,867.375,76,66.97152438,40.18291463,57149,1428.725,191,6829.962283,4097.97737,5828231,145705.775
N2,S6,L,3,20,59.01097275,35.40658365,50356,1258.9,96,125.9824971,75.58949828,107505,2687.625,167,6789.304055,4073.582433,5793536,144838.4
N2,S6,L,4,18,79.63481319,47.78088792,67955,1698.875,114,205.6173103,123.3703862,175460,4386.5,147,6730.293083,4038.17585,5743180,143579.5
N2,S6,L,7,20,140.3203963,84.19223779,119740,2993.5,134,345.9377066,207.562624,295200,7380,129,6650.65827,3990.394962,5675225,141880.625
N2,S6,L,10,16,159.7665017,95.85990101,136334,3408.35,150,505.7042083,303.422525,431534,10788.35,109,6510.337873,3906.202724,5555485,138887.125
N2,S6,L,20,38,616.2331806,369.7399084,525852,13146.3,188,1121.937389,673.1624334,957386,23934.65,93,6350.571372,3810.342823,5419151,135478.775
N2,S6,L,50,32,1220.805026,732.4830157,1041753,26043.825,220,2342.742415,1405.645449,1999139,49978.475,55,5734.338191,3440.602915,4893299,122332.475
N2,S6,L,100,12,1055.933834,633.5603003,901063,22526.575,232,3398.676249,2039.205749,2900202,72505.05,23,4513.533165,2708.119899,3851546,96288.65
N2,S6,L,200,6,881.6852923,529.0111754,752371,18809.275,238,4280.361541,2568.216925,3652573,91314.325,11,3457.599331,2074.559599,2950483,73762.075
N2,S6,L,500,4,1478.800493,887.2802956,1261909,31547.725,242,5759.162034,3455.49722,4914482,122862.05,5,2575.914039,1545.548423,2198112,54952.8
N2,S6,L,999,1,1097.113546,658.2681276,936203,23405.075,243,6856.27558,4113.765348,5850685,146267.125,1,1097.113546,658.2681276,936203,23405.075
N3,S0,H,1,48,571.4033796,342.8420278,19023,190.23,48,571.4033796,342.8420278,19023,190.23,156,55517.14145,33310.28487,1848261,18482.61
N3,S0,H,2,16,763.8836854,458.3302112,25431,254.31,64,1335.287065,801.172239,44454,444.54,108,54945.73807,32967.44284,1829238,18292.38
N3,S0,H,3,18,1327.026752,796.2160514,44179,441.79,82,2662.313817,1597.38829,88633,886.33,92,54181.85439,32509.11263,1803807,18038.07
N3,S0,H,4,11,1213.034436,727.8206618,40384,403.84,93,3875.348254,2325.208952,129017,1290.17,74,52854.82763,31712.89658,1759628,17596.28
N3,S0,H,7,12,2280.627293,1368.376376,75926,759.26,105,6155.975547,3693.585328,204943,2049.43,63,51641.7932,30985.07592,1719244,17192.44
N3,S0,H,10,10,2672.436455,1603.461873,88970,889.7,115,8828.412002,5297.047201,293913,2939.13,51,49361.1659,29616.69954,1643318,16433.18
N3,S0,H,20,13,5980.706729,3588.424038,199108,1991.08,128,14809.11873,8885.471239,493021,4930.21,41,46688.72945,28013.23767,1554348,15543.48
N3,S0,H,50,20,18404.39733,11042.6384,612714,6127.14,148,33213.51606,19928.10963,1105735,11057.35,28,40708.02272,24424.81363,1355240,13552.4
N3,S0,H,100,5,10645.65077,6387.390461,354412,3544.12,153,43859.16683,26315.5001,1460147,14601.47,8,22303.62539,13382.17524,742526,7425.26
N3,S0,H,200,3,11657.97462,6994.784775,388114,3881.14,156,55517.14145,33310.28487,1848261,18482.61,3,11657.97462,6994.784775,388114,3881.14
N3,S0,M,1,63,320.5140458,192.3084275,25021,250.21,63,320.5140458,192.3084275,25021,250.21,240,72716.24786,43629.74872,5676610,56766.1
N3,S0,M,2,29,545.2492051,327.1495231,42565,425.65,92,865.7632509,519.4579506,67586,675.86,177,72395.73381,43437.44029,5651589,56515.89
N3,S0,M,3,17,536.2567244,321.7540346,41863,418.63,109,1402.019975,841.2119852,109449,1094.49,148,71850.48461,43110.29077,5609024,56090.24
N3,S0,M,4,24,1176.170363,705.702218,91818,918.18,133,2578.190339,1546.914203,201267,2012.67,131,71314.22789,42788.53673,5567161,55671.61
N3,S0,M,7,25,1844.573001,1106.743801,143997,1439.97,158,4422.76334,2653.658004,345264,3452.64,107,70138.05752,42082.83451,5475343,54753.43
N3,S0,M,10,13,1483.182878,889.909727,115785,1157.85,171,5905.946218,3543.567731,461049,4610.49,82,68293.48452,40976.09071,5331346,53313.46
N3,S0,M,20,26,4900.159026,2940.095415,382532,3825.32,197,10806.10524,6483.663146,843581,8435.81,69,66810.30164,40086.18099,5215561,52155.61
N3,S0,M,50,23,9993.989442,5996.393665,780183,7801.83,220,20800.09469,12480.05681,1623764,16237.64,43,61910.14262,37146.08557,4833029,48330.29
N3,S0,M,100,6,5040.349494,3024.209697,393476,3934.76,226,25840.44418,15504.26651,2017240,20172.4,20,51916.15318,31149.69191,4052846,40528.46
N3,S0,M,200,9,15880.24699,9528.148197,1239695,12396.95,235,41720.69117,25032.4147,3256935,32569.35,14,46875.80368,28125.48221,3659370,36593.7
N3,S0,M,500,4,19806.52804,11883.91683,1546201,15462.01,239,61527.21922,36916.33153,4803136,48031.36,5,30995.55669,18597.33401,2419675,24196.75
N3,S0,M,999,1,11189.02864,6713.417186,873474,8734.74,240,72716.24786,43629.74872,5676610,56766.1,1,11189.02864,6713.417186,873474,8734.74
N3,S0,L,1,14,5.351956322,3.211173793,4567,45.67,14,5.351956322,3.211173793,4567,45.67,50,951.7974435,571.0784661,812200,8122
N3,S0,L,2,4,7.14023864,4.284143184,6093,60.93,18,12.49219496,7.495316977,10660,106.6,36,946.4454872,567.8672923,807633,8076.33
N3,S0,L,3,1,2.387110801,1.432266481,2037,20.37,19,14.87930576,8.927583458,12697,126.97,32,939.3052486,563.5831491,801540,8015.4
N3,S0,L,4,2,10.50469377,6.302816265,8964,89.64,21,25.38399954,15.23039972,21661,216.61,31,936.9181378,562.1508827,799503,7995.03
N3,S0,L,7,8,52.37581254,31.42548752,44694,446.94,29,77.75981207,46.65588724,66355,663.55,29,926.413444,555.8480664,790539,7905.39
N3,S0,L,10,6,61.68870872,37.01322523,52641,526.41,35,139.4485208,83.66911248,118996,1189.96,21,874.0376315,524.4225789,745845,7458.45
N3,S0,L,20,4,81.24262665,48.74557599,69327,693.27,39,220.6911475,132.4146885,188323,1883.23,15,812.3489227,487.4093536,693204,6932.04
N3,S0,L,50,6,217.5493487,130.5296092,185642,1856.42,45,438.2404962,262.9442977,373965,3739.65,11,731.1062961,438.6637777,623877,6238.77
N3,S0,L,100,3,255.7958559,153.4775136,218279,2182.79,48,694.0363521,416.4218112,592244,5922.44,5,513.5569474,308.1341684,438235,4382.35
N3,S0,L,200,2,257.7610915,154.6566549,219956,2199.56,50,951.7974435,571.0784661,812200,8122,2,257.7610915,154.6566549,219956,2199.56
N3,S1,H,1,5,25.86228827,15.51737296,861,8.61,5,25.86228827,15.51737296,861,8.61,17,7091.1631,4254.69786,236077,2360.77
N3,S1,H,2,2,83.62440251,50.1746415,2784,27.84,7,109.4866908,65.69201447,3645,36.45,12,7065.300812,4239.180487,235216,2352.16
N3,S1,H,3,2,148.1749919,88.90499516,4933,49.33,9,257.6616827,154.5970096,8578,85.78,10,6981.676409,4189.005846,232432,2324.32
N3,S1,H,4,3,392.2597243,235.3558346,13059,130.59,12,649.921407,389.9528442,21637,216.37,8,6833.501417,4100.10085,227499,2274.99
N3,S1,H,7,1,181.4565429,108.8739258,6041,60.41,13,831.3779499,498.8267699,27678,276.78,5,6441.241693,3864.745016,214440,2144.4
N3,S1,H,10,1,210.9834063,126.5900438,7024,70.24,14,1042.361356,625.4168137,34702,347.02,4,6259.78515,3755.87109,208399,2083.99
N3,S1,H,50,1,780.3141984,468.188519,25978,259.78,15,1822.675555,1093.605333,60680,606.8,3,6048.801744,3629.281046,201375,2013.75
N3,S1,H,100,1,1786.059841,1071.635905,59461,594.61,16,3608.735396,2165.241237,120141,1201.41,2,5268.487545,3161.092527,175397,1753.97
N3,S1,H,200,1,3482.427704,2089.456623,115936,1159.36,17,7091.1631,4254.69786,236077,2360.77,1,3482.427704,2089.456623,115936,1159.36
N3,S1,M,1,21,142.1375586,85.28253513,11096,110.96,21,142.1375586,85.28253513,11096,110.96,74,15203.2746,9121.96476,1186847,11868.47
N3,S1,M,2,5,84.25006512,50.55003907,6577,65.77,26,226.3876237,135.8325742,17673,176.73,53,15061.13704,9036.682225,1175751,11757.51
N3,S1,M,3,4,136.8343007,82.10058041,10682,106.82,30,363.2219244,217.9331546,28355,283.55,48,14976.88698,8986.132186,1169174,11691.74
N3,S1,M,4,11,549.6685867,329.801152,42910,429.1,41,912.890511,547.7343066,71265,712.65,44,14840.05268,8904.031605,1158492,11584.92
N3,S1,M,7,9,702.5535688,421.5321413,54845,548.45,50,1615.44408,969.2664479,126110,1261.1,33,14290.38409,8574.230453,1115582,11155.82
N3,S1,M,10,3,289.7192828,173.8315697,22617,226.17,53,1905.163363,1143.098018,148727,1487.27,24,13587.83052,8152.698312,1060737,10607.37
N3,S1,M,20,8,1494.378645,896.6271869,116659,1166.59,61,3399.542007,2039.725204,265386,2653.86,21,13298.11124,7978.866742,1038120,10381.2
N3,S1,M,50,7,2812.904333,1687.7426,219590,2195.9,68,6212.446341,3727.467804,484976,4849.76,13,11803.73259,7082.239555,921461,9214.61
N3,S1,M,100,5,4418.510485,2651.106291,344932,3449.32,73,10630.95683,6378.574096,829908,8299.08,6,8990.828259,5394.496955,701871,7018.71
N3,S1,M,500,1,4572.317773,2743.390664,356939,3569.39,74,15203.2746,9121.96476,1186847,11868.47,1,4572.317773,2743.390664,356939,3569.39
N3,S1,L,1,19,6.560160169,3.936096101,5598,55.98,19,6.560160169,3.936096101,5598,55.98,47,388.2236694,232.9342016,331284,3312.84
N3,S1,L,2,7,11.6800851,7.008051061,9967,99.67,26,18.24024527,10.94414716,15565,155.65,28,381.6635092,228.9981055,325686,3256.86
N3,S1,L,3,2,5.465628265,3.279376959,4664,46.64,28,23.70587354,14.22352412,20229,202.29,21,369.9834241,221.9900545,315719,3157.19
N3,S1,L,4,3,12.60938253,7.565629519,10760,107.6,31,36.31525607,21.78915364,30989,309.89,19,364.5177959,218.7106775,311055,3110.55
N3,S1,L,7,2,13.90430518,8.342583108,11865,118.65,33,50.21956125,30.13173675,42854,428.54,16,351.9084133,211.145048,300295,3002.95
N3,S1,L,10,5,51.82737471,31.09642482,44226,442.26,38,102.046936,61.22816157,87080,870.8,14,338.0041082,202.8024649,288430,2884.3
N3,S1,L,20,4,51.80979657,31.08587794,44211,442.11,42,153.8567325,92.31403952,131291,1312.91,9,286.1767334,171.7060401,244204,2442.04
N3,S1,L,50,4,113.3133489,67.98800936,96694,966.94,46,267.1700815,160.3020489,227985,2279.85,5,234.3669369,140.6201621,199993,1999.93
N3,S1,L,200,1,121.0535879,72.63215276,103299,1032.99,47,388.2236694,232.9342016,331284,3312.84,1,121.0535879,72.63215276,103299,1032.99
N3,S2,H,1,4,48.57063896,29.14238337,1617,24.255,4,48.57063896,29.14238337,1617,24.255,15,5200.512681,3120.307608,173134,2597.01
N3,S2,H,2,1,31.83975095,19.10385057,1060,15.9,5,80.41038991,48.24623395,2677,40.155,11,5151.942042,3091.165225,171517,2572.755
N3,S2,H,3,1,69.59688959,41.75813375,2317,34.755,6,150.0072795,90.0043677,4994,74.91,10,5120.102291,3072.061375,170457,2556.855
N3,S2,H,4,1,145.7119169,87.42715012,4851,72.765,7,295.7191964,177.4315178,9845,147.675,9,5050.505401,3030.303241,168140,2522.1
N3,S2,H,7,1,173.7969802,104.2781881,5786,86.79,8,469.5161766,281.7097059,15631,234.465,8,4904.793484,2942.876091,163289,2449.335
N3,S2,H,10,2,445.2158383,267.129503,14822,222.33,10,914.7320149,548.8392089,30453,456.795,7,4730.996504,2838.597903,157503,2362.545
N3,S2,H,20,3,1016.10858,609.6651483,33828,507.42,13,1930.840595,1158.504357,64281,964.215,5,4285.780666,2571.4684,142681,2140.215
N3,S2,H,50,1,706.1816462,423.7089877,23510,352.65,14,2637.022242,1582.213345,87791,1316.865,2,3269.672085,1961.803251,108853,1632.795
N3,S2,H,100,1,2563.490439,1538.094264,85343,1280.145,15,5200.512681,3120.307608,173134,2597.01,1,2563.490439,1538.094264,85343,1280.145
N3,S2,M,1,44,210.4650403,126.2790242,16430,246.45,44,210.4650403,126.2790242,16430,246.45,175,23061.51144,13836.90686,1800302,27004.53
N3,S2,M,2,21,387.4068298,232.4440979,30243,453.645,65,597.8718701,358.723122,46673,700.095,131,22851.0464,13710.62784,1783872,26758.08
N3,S2,M,3,10,336.6928253,202.0156952,26284,394.26,75,934.5646953,560.7388172,72957,1094.355,110,22463.63957,13478.18374,1753629,26304.435
N3,S2,M,4,19,952.6265156,571.5759094,74367,1115.505,94,1887.191211,1132.314727,147324,2209.86,100,22126.94674,13276.16805,1727345,25910.175
N3,S2,M,7,15,1133.500914,680.1005485,88487,1327.305,109,3020.692125,1812.415275,235811,3537.165,81,21174.32023,12704.59214,1652978,24794.67
N3,S2,M,10,14,1445.701399,867.4208393,112859,1692.885,123,4466.393524,2679.836114,348670,5230.05,66,20040.81931,12024.49159,1564491,23467.365
N3,S2,M,20,34,6170.981013,3702.588608,481739,7226.085,157,10637.37454,6382.424722,830409,12456.135,52,18595.11792,11157.07075,1451632,21774.48
N3,S2,M,50,10,3396.019312,2037.611587,265111,3976.665,167,14033.39385,8420.036309,1095520,16432.8,18,12424.1369,7454.482142,969893,14548.395
N3,S2,M,100,6,5851.645469,3510.987281,456810,6852.15,173,19885.03932,11931.02359,1552330,23284.95,8,9028.117591,5416.870555,704782,10571.73
N3,S2,M,200,2,3176.472122,1905.883273,247972,3719.58,175,23061.51144,13836.90686,1800302,27004.53,2,3176.472122,1905.883273,247972,3719.58
N3,S2,L,1,34,15.28008725,9.168052351,13039,195.585,34,15.28008725,9.168052351,13039,195.585,83,661.510942,396.9065652,564489,8467.335
N3,S2,L,2,12,20.4281372,12.25688232,17432,261.48,46,35.70822445,21.42493467,30471,457.065,49,646.2308548,387.7385129,551450,8271.75
N3,S2,L,3,6,18.34688596,11.00813158,15656,234.84,52,54.05511041,32.43306625,46127,691.905,37,625.8027176,375.4816305,534018,8010.27
N3,S2,L,4,8,35.56877125,21.34126275,30352,455.28,60,89.62388166,53.774329,76479,1147.185,31,607.4558316,364.473499,518362,7775.43
N3,S2,L,7,4,27.71954781,16.63172868,23654,354.81,64,117.3434295,70.40605768,100133,1501.995,23,571.8870604,343.1322362,488010,7320.15
N3,S2,L,10,7,65.35199216,39.2111953,55767,836.505,71,182.6954216,109.617253,155900,2338.5,19,544.1675125,326.5005075,464356,6965.34
N3,S2,L,20,6,100.1156848,60.06941088,85432,1281.48,77,282.8111064,169.6866639,241332,3619.98,12,478.8155204,287.2893122,408589,6128.835
N3,S2,L,50,3,115.9231161,69.55386967,98921,1483.815,80,398.7342226,239.2405335,340253,5103.795,6,378.6998356,227.2199014,323157,4847.355
N3,S2,L,100,3,262.7767195,157.6660317,224236,3363.54,83,661.510942,396.9065652,564489,8467.335,3,262.7767195,157.6660317,224236,3363.54
N3,S3,H,1,2,38.11758864,22.87055319,1269,25.38,2,38.11758864,22.87055319,1269,25.38,4,1483.462057,890.0772342,49387,987.74
N3,S3,H,50,2,1445.344468,867.206681,48118,962.36,4,1483.462057,890.0772342,49387,987.74,2,1445.344468,867.206681,48118,962.36
N3,S3,M,1,12,57.00361712,34.20217027,4450,89,12,57.00361712,34.20217027,4450,89,68,8389.062209,5033.437325,654894,13097.88
N3,S3,M,2,9,183.5388373,110.1233024,14328,286.56,21,240.5424544,144.3254727,18778,375.56,56,8332.058592,4999.235155,650444,13008.88
N3,S3,M,3,8,248.2923844,148.9754306,19383,387.66,29,488.8348389,293.3009033,38161,763.22,47,8148.519755,4889.111853,636116,12722.32
N3,S3,M,4,7,344.7630003,206.8578002,26914,538.28,36,833.5978391,500.1587035,65075,1301.5,39,7900.22737,4740.136422,616733,12334.66
N3,S3,M,7,8,612.2572773,367.3543664,47796,955.92,44,1445.855116,867.5130698,112871,2257.42,32,7555.46437,4533.278622,589819,11796.38
N3,S3,M,10,5,513.1862717,307.911763,40062,801.24,49,1959.041388,1175.424833,152933,3058.66,24,6943.207093,4165.924256,542023,10840.46
N3,S3,M,20,8,1394.116328,836.4697966,108832,2176.64,57,3353.157716,2011.894629,261765,5235.3,19,6430.020821,3858.012493,501961,10039.22
N3,S3,M,50,9,2904.981187,1742.988712,226778,4535.56,66,6258.138903,3754.883342,488543,9770.86,11,5035.904493,3021.542696,393129,7862.58
N3,S3,M,100,2,2130.923306,1278.553984,166351,3327.02,68,8389.062209,5033.437325,654894,13097.88,2,2130.923306,1278.553984,166351,3327.02
N3,S3,L,1,12,5.987112951,3.592267771,5109,102.18,12,5.987112951,3.592267771,5109,102.18,59,1096.211202,657.726721,935433,18708.66
N3,S3,L,2,8,14.29922729,8.579536375,12202,244.04,20,20.28634024,12.17180415,17311,346.22,47,1090.224089,654.1344532,930324,18606.48
N3,S3,L,3,7,19.95704317,11.9742259,17030,340.6,27,40.24338341,24.14603005,34341,686.82,39,1075.924861,645.5549169,918122,18362.44
N3,S3,L,4,6,27.65040714,16.59024428,23595,471.9,33,67.89379056,40.73627433,57936,1158.72,32,1055.967818,633.580691,901092,18021.84
N3,S3,L,7,4,27.94337607,16.76602564,23845,476.9,37,95.83716662,57.50229997,81781,1635.62,26,1028.317411,616.9904467,877497,17549.94
N3,S3,L,10,5,49.63245152,29.77947091,42353,847.06,42,145.4696181,87.28177089,124134,2482.68,22,1000.374035,600.224421,853652,17073.04
N3,S3,L,20,7,119.0567117,71.43402704,101595,2031.9,49,264.5263299,158.7157979,225729,4514.58,17,950.7415835,570.4449501,811299,16225.98
N3,S3,L,50,4,125.3180436,75.19082616,106938,2138.76,53,389.8443735,233.9066241,332667,6653.34,10,831.6848718,499.0109231,709704,14194.08
N3,S3,L,100,4,359.4154491,215.6492694,306701,6134.02,57,749.2598226,449.5558935,639368,12787.36,6,706.3668282,423.8200969,602766,12055.32
N3,S3,L,200,2,346.9513791,208.1708275,296065,5921.3,59,1096.211202,657.726721,935433,18708.66,2,346.9513791,208.1708275,296065,5921.3
N3,S4,H,1,2,0.600750018,0.360450011,20,0.5,2,0.600750018,0.360450011,20,0.5,7,7792.899196,4675.739518,259439,6485.975
N3,S4,H,2,1,34.69331354,20.81598812,1155,28.875,3,35.29406356,21.17643813,1175,29.375,5,7792.298446,4675.379068,259419,6485.475
N3,S4,H,10,1,219.9045441,131.9427265,7321,183.025,4,255.1986076,153.1191646,8496,212.4,4,7757.605132,4654.563079,258264,6456.6
N3,S4,H,20,1,439.4786757,263.6872054,14631,365.775,5,694.6772833,416.80637,23127,578.175,3,7537.700588,4522.620353,250943,6273.575
N3,S4,H,50,1,989.3151296,593.5890778,32936,823.4,6,1683.992413,1010.395448,56063,1401.575,2,7098.221913,4258.933148,236312,5907.8
N3,S4,H,500,1,6108.906783,3665.34407,203376,5084.4,7,7792.899196,4675.739518,259439,6485.975,1,6108.906783,3665.34407,203376,5084.4
N3,S4,M,1,18,89.92480723,53.95488434,7020,175.5,18,89.92480723,53.95488434,7020,175.5,114,46367.33142,27820.39885,3619676,90491.9
N3,S4,M,2,3,49.97103604,29.98262162,3901,97.525,21,139.8958433,83.93750596,10921,273.025,96,46277.40661,27766.44397,3612656,90316.4
N3,S4,M,3,6,191.5193437,114.9116062,14951,373.775,27,331.415187,198.8491122,25872,646.8,93,46227.43557,27736.46134,3608755,90218.875
N3,S4,M,4,10,504.578085,302.746851,39390,984.75,37,835.993272,501.5959632,65262,1631.55,87,46035.91623,27621.54974,3593804,89845.1
N3,S4,M,7,4,297.8791264,178.7274758,23254,581.35,41,1133.872398,680.3234391,88516,2212.9,77,45531.33814,27318.80289,3554414,88860.35
N3,S4,M,10,10,1046.074018,627.644411,81662,2041.55,51,2179.946417,1307.96785,170178,4254.45,73,45233.45902,27140.07541,3531160,88279
N3,S4,M,20,30,5292.676966,3175.60618,413174,10329.35,81,7472.623383,4483.57403,583352,14583.8,63,44187.385,26512.431,3449498,86237.45
N3,S4,M,50,18,7071.407587,4242.844552,552031,13800.775,99,14544.03097,8726.418582,1135383,28384.575,33,38894.70803,23336.82482,3036324,75908.1
N3,S4,M,100,7,6009.539083,3605.72345,469136,11728.4,106,20553.57005,12332.14203,1604519,40112.975,15,31823.30045,19093.98027,2484293,62107.325
N3,S4,M,200,4,7697.781266,4618.668759,600929,15023.225,110,28251.35132,16950.81079,2205448,55136.2,8,25813.76136,15488.25682,2015157,50378.925
N3,S4,M,500,4,18115.9801,10869.58806,1414228,35355.7,114,46367.33142,27820.39885,3619676,90491.9,4,18115.9801,10869.58806,1414228,35355.7
N3,S4,L,1,12,4.13437747,2.480626482,3528,88.2,12,4.13437747,2.480626482,3528,88.2,81,2611.515622,1566.909373,2228492,55712.3
N3,S4,L,2,6,7.93594224,4.761565344,6772,169.3,18,12.07031971,7.242191826,10300,257.5,69,2607.381245,1564.428747,2224964,55624.1
N3,S4,L,3,4,11.83360082,7.100160491,10098,252.45,22,23.90392053,14.34235232,20398,509.95,63,2599.445303,1559.667182,2218192,55454.8
N3,S4,L,4,11,48.35862264,29.01517358,41266,1031.65,33,72.26254316,43.3575259,61664,1541.6,59,2587.611702,1552.567021,2208094,55202.35
N3,S4,L,7,4,26.42228141,15.85336884,22547,563.675,37,98.68482457,59.21089474,84211,2105.275,48,2539.253079,1523.551848,2166828,54170.7
N3,S4,L,10,6,55.99339282,33.59603569,47781,1194.525,43,154.6782174,92.80693044,131992,3299.8,44,2512.830798,1507.698479,2144281,53607.025
N3,S4,L,20,14,213.0634085,127.8380451,181814,4545.35,57,367.7416259,220.6449755,313806,7845.15,38,2456.837405,1474.102443,2096500,52412.5
N3,S4,L,50,16,567.459714,340.4758284,484232,12105.8,73,935.2013399,561.1208039,798038,19950.95,24,2243.773997,1346.264398,1914686,47867.15
N3,S4,L,100,6,517.4323403,310.4594042,441542,11038.55,79,1452.63368,871.5802081,1239580,30989.5,8,1676.314283,1005.78857,1430454,35761.35
N3,S4,L,200,1,182.041515,109.224909,155342,3883.55,80,1634.675195,980.8051171,1394922,34873.05,2,1158.881942,695.3291653,988912,24722.8
N3,S4,L,999,1,976.8404272,586.1042563,833570,20839.25,81,2611.515622,1566.909373,2228492,55712.3,1,976.8404272,586.1042563,833570,20839.25
N3,S5,M,1,3,13.52715049,8.116290294,1056,26.4,3,13.52715049,8.116290294,1056,26.4,28,56553.57036,33932.14222,4414867,110371.675
N3,S5,M,3,1,29.94931614,17.96958968,2338,58.45,4,43.47646663,26.08587998,3394,84.85,25,56540.04321,33924.02593,4413811,110345.275
N3,S5,M,4,3,153.7560486,92.25362916,12003,300.075,7,197.2325152,118.3395091,15397,384.925,24,56510.09389,33906.05634,4411473,110286.825
N3,S5,M,7,1,67.30269761,40.38161856,5254,131.35,8,264.5352128,158.7211277,20651,516.275,21,56356.33785,33813.80271,4399470,109986.75
N3,S5,M,10,1,101.1974326,60.71845958,7900,197.5,9,365.7326455,219.4395873,28551,713.775,20,56289.03515,33773.42109,4394216,109855.4
N3,S5,M,20,6,1051.518184,630.9109104,82087,2052.175,15,1417.250829,850.3504977,110638,2765.95,19,56187.83771,33712.70263,4386316,109657.9
N3,S5,M,50,4,1626.165884,975.6995302,126947,3173.675,19,3043.416713,1826.050028,237585,5939.625,13,55136.31953,33081.79172,4304229,107605.725
N3,S5,M,100,4,3393.329254,2035.997552,264901,6622.525,23,6436.745967,3862.04758,502486,12562.15,9,53510.15365,32106.09219,4177282,104432.05
N3,S5,M,200,2,3330.778992,1998.467395,260018,6500.45,25,9767.524959,5860.514976,762504,19062.6,5,50116.82439,30070.09464,3912381,97809.525
N3,S5,M,500,2,7773.845868,4664.307521,606867,15171.675,27,17541.37083,10524.8225,1369371,34234.275,3,46786.0454,28071.62724,3652363,91309.075
N3,S5,M,999,1,39012.19953,23407.31972,3045496,76137.4,28,56553.57036,33932.14222,4414867,110371.675,1,39012.19953,23407.31972,3045496,76137.4
N3,S5,L,1,4,0.967969328,0.580781597,826,20.65,4,0.967969328,0.580781597,826,20.65,35,917.8083607,550.6850164,783196,19579.9
N3,S5,L,2,3,5.293362537,3.176017522,4517,112.925,7,6.261331865,3.756799119,5343,133.575,31,916.8403914,550.1042348,782370,19559.25
N3,S5,L,3,3,8.241801798,4.945081079,7033,175.825,10,14.50313366,8.701880198,12376,309.4,28,911.5470289,546.9282173,777853,19446.325
N3,S5,L,4,4,18.27891717,10.9673503,15598,389.95,14,32.78205083,19.6692305,27974,699.35,25,903.3052271,541.9831362,770820,19270.5
N3,S5,L,7,4,27.23439127,16.34063476,23240,581,18,60.0164421,36.00986526,51214,1280.35,21,885.0263099,531.0157859,755222,18880.55
N3,S5,L,10,2,20.85235621,12.51141372,17794,444.85,20,80.86879831,48.52127898,69008,1725.2,17,857.7919186,514.6751512,731982,18299.55
N3,S5,L,20,6,81.27192355,48.76315413,69352,1733.8,26,162.1407219,97.28443311,138360,3459,15,836.9395624,502.1637375,714188,17854.7
N3,S5,L,50,6,223.6231805,134.1739083,190825,4770.625,32,385.7639023,231.4583414,329185,8229.625,9,755.6676389,453.4005833,644836,16120.9
N3,S5,L,100,1,110.4914723,66.29488335,94286,2357.15,33,496.2553746,297.7532247,423471,10586.775,3,532.0444584,319.2266751,454011,11350.275
N3,S5,L,200,2,421.5529862,252.9317917,359725,8993.125,35,917.8083607,550.6850164,783196,19579.9,2,421.5529862,252.9317917,359725,8993.125
N3,S6,M,1,4,12.68170358,7.60902215,990,24.75,4,12.68170358,7.60902215,990,24.75,53,54154.9222,32492.95332,4227616,105690.4
N3,S6,M,2,2,43.32274901,25.99364941,3382,84.55,6,56.0044526,33.60267156,4372,109.3,49,54142.2405,32485.3443,4226626,105665.65
N3,S6,M,3,3,92.33304993,55.39982996,7208,180.2,9,148.3375025,89.00250152,11580,289.5,47,54098.91775,32459.35065,4223244,105581.1
N3,S6,M,4,5,256.2216516,153.732991,20002,500.05,14,404.5591541,242.7354925,31582,789.55,44,54006.5847,32403.95082,4216036,105400.9
N3,S6,M,7,4,327.7643935,196.6586361,25587,639.675,18,732.3235477,439.3941286,57169,1429.225,39,53750.36305,32250.21783,4196034,104900.85
N3,S6,M,10,5,529.5315785,317.7189471,41338,1033.45,23,1261.855126,757.1130757,98507,2462.675,35,53422.59865,32053.55919,4170447,104261.175
N3,S6,M,20,10,1811.600572,1086.960343,141423,3535.575,33,3073.455698,1844.073419,239930,5998.25,30,52893.06707,31735.84024,4129109,103227.725
N3,S6,M,50,11,4432.39631,2659.437786,346016,8650.4,44,7505.852008,4503.511205,585946,14648.65,20,51081.4665,30648.8799,3987686,99692.15
N3,S6,M,100,6,5180.194098,3108.116459,404393,10109.825,50,12686.04611,7611.627664,990339,24758.475,9,46649.07019,27989.44212,3641670,91041.75
N3,S6,M,500,2,9487.361788,5692.417073,740633,18515.825,52,22173.4079,13304.04474,1730972,43274.3,3,41468.87609,24881.32566,3237277,80931.925
N3,S6,M,999,1,31981.51431,19188.90858,2496644,62416.1,53,54154.9222,32492.95332,4227616,105690.4,1,31981.51431,19188.90858,2496644,62416.1
N3,S6,L,1,1,1.150781937,0.690469162,982,24.55,1,1.150781937,0.690469162,982,24.55,21,1339.435175,803.6611051,1142984,28574.6
N3,S6,L,3,1,2.541798393,1.525079036,2169,54.225,2,3.692580331,2.215548198,3151,78.775,20,1338.284393,802.9706359,1142002,28550.05
N3,S6,L,4,3,14.19844598,8.519067589,12116,302.9,5,17.89102631,10.73461579,15267,381.675,19,1335.742595,801.4455569,1139833,28495.825
N3,S6,L,7,1,7.451957576,4.471174546,6359,158.975,6,25.34298389,15.20579033,21626,540.65,16,1321.544149,792.9264893,1127717,28192.925
N3,S6,L,10,1,8.875786552,5.325471931,7574,189.35,7,34.21877044,20.53126226,29200,730,15,1314.092191,788.4553147,1121358,28033.95
N3,S6,L,20,1,15.11485278,9.068911667,12898,322.45,8,49.33362322,29.60017393,42098,1052.45,14,1305.216405,783.1298428,1113784,27844.6
N3,S6,L,50,4,173.2243222,103.9345933,147818,3695.45,12,222.5579454,133.5347673,189916,4747.9,13,1290.101552,774.0609311,1100886,27522.15
N3,S6,L,100,5,362.5021697,217.5013018,309335,7733.375,17,585.0601151,351.0360691,499251,12481.275,9,1116.87723,670.1263378,953068,23826.7
N3,S6,L,200,3,469.8026244,281.8815746,400898,10022.45,20,1054.862739,632.9176437,900149,22503.725,4,754.37506,452.625036,643733,16093.325
N3,S6,L,500,1,284.5724356,170.7434614,242835,6070.875,21,1339.435175,803.6611051,1142984,28574.6,1,284.5724356,170.7434614,242835,6070.875
